stars,useful,funny,cool,text,word_count,char_count,exclamation_count,is_hazard
1.0,1,0,0,"If I could give it a zero, I would. I order a plain hamburger, and realized they put bacon in it (which I am allergic to and unable to eat) after two bites. When I went back to the drive-through window to complain (didn't realize the actual restaurant was open--it was almost 2 after all...), the guy took back the burger, said nothing, and disappeared. After 2 minutes of awkwardly making conversation with the next people in line in their car, he came back and rudely told me I had to go inside to get my food. Which I did. And still did not get an apology. I refuse to go back there after that ordeal, which is a shame, because it's nice to have a variety of places to go to after DT. Guess Freebirds it is!",138,710,1,1
3.0,0,0,0,"If you decide to eat here, just be aware it is going to take about 2 hours from beginning to end. We have tried it multiple times, because I want to like it! I have been to it's other locations in NJ and never had a bad experience. The food is good, but it takes a very long time to come out. The waitstaff is very young, but usually pleasant. We have just had too many experiences where we spent way too long waiting. We usually opt for another diner or restaurant on the weekends, in order to be done quicker.",101,511,1,0
5.0,0,0,0,"My husband and I took my mother here for her 100th birthday! We can't say enough about the treatment we received: from a great table and view, to delicious ""compliments of the chef"" extra dishes, to a beautifully decorated cake plate, to the warm and attentive servers. It was much more than we expected, even for this very special occasion. For us, it was a wonderfully memorable experience.",68,392,1,0
4.0,0,0,0,"Don't know what it is but If my tummy's feeling icky, I can count on Chipotle's stake to fix me up. I just have to remember not to go during full on lunch time. I usually go between 2 & 4 when it's peaceful and calm. Busy or not the service is always friendly and fast!",56,269,1,0
4.0,0,0,0,"Id you haven't been to the Smoothie King center since it was know as the New Orleans Arena, you are in for a nice surprise. The arena has had a face lift and, while the seats are the same, everything else has been refreshed. Most importantly, the food options are far more varied and appeal to many tastes. The quality of the food is very good and significantly improved from a few years back. The drink options are much improved as well and include full service bars, spiked lemonade, bottled and draft beer and of course, smoothies. There is even a spot for sweets. You can get funnel cake, cotton candy, and all kinds of delicious things I was too full to take in. The venue finally feels a bit swanky and top notch. We are moving on up!",139,740,1,0
5.0,0,0,0,"This place was so chill and relaxing. When I come back it'll definitely be in my list if stops. Not to mention the artist performing was fun and eclectic (I mean really, a country version of ""Let It Go"", what's not to love?)",43,224,0,0
4.0,7,0,0,"This is the first time I tried this place and I was surprisingly surprised. I had a combination dinner pad Thai and coconut soup. The soup was very tasty as I never had coconut soup before. The pad Thai was exactly what I was expecting and it did not disappoint. The restaurant had great Thai decor and music. The staff and service was top notch. For a town with not much selection for food, this was a great change of pace. This may become my go to place in Carp.",90,464,0,0
5.0,0,0,0,"I had the pleasure to meet with Ann today and not only was she extremely helpful and so positive, she went above and beyond to make my 1st experience here amazing and made it a absolute regular customer from this day forward. Thanks girlie!!",44,241,2,0
4.0,0,0,0,Enjoyed my fish out at a sidewalk table. A bit pricey but food was good. Go to Side street in French quarter if u want quieter dining outside.,28,142,0,0
2.0,2,2,1,"Meh is all I can say for TDS. The restaurant itself is just cold.... not literally, but figuratively. There was no decor, no menu boards, stainless steel prep tables as dining tables, no soda machines, staff EVERYWHERE with no identification (shirts, nametags, etc). The food is reasonably priced and most of it was quite good, but what really irked my party was the fact that they charge for extra salsa!!! We ordered a salsa trio (which included 3 samples of the various salsas, in 2oz glass prep bowls), and when my brother asked for more salsa for his tacos (mind you, we ordered one of ever taco, three burritos and guacamole), he was told he'd have to buy the trio again! Really!!??? We spent over $40 on food, drinks and apps, too. Even though the food was decent, I wouldn't return as the atmosphere is just blah and you can't get extra salsa for your damn tacos!",157,871,7,0
1.0,0,1,0,"Skip this train wreck if you are looking for dinner. Our server was clueless...like we seriously thought she was lost in the restaurant. Had to ask for setups, water refills, etc. Ordered chicken parmesan and got eggplant parmesan instead with a fish bone in it. The drinks were good.",49,284,0,0
3.0,2,1,0,"I visited this restaurant 4 times during my 5 days stay. Crazy, right? Here are a list of reasons/pros: - We were staying a nearby hotel. - The restaurant opens 11 - 10:30 pretty much every day including new year's day so it fits into our schedule. - If you are a party of two, chances are you get seated right away. - $9 per dozen of oysters which is a really great deal by any standard! - They have a seafood shop next door that sells boiled and fresh seafood to- go. - Our server (same) is very friendly and recognized us every single time. Now I want to talk about the reasons why I only give it 3 stars. - We tried a bunch of stuff which are all pretty mediocre. Raw oysters are not cleaned well. So if your schedule is flexible, go to Superior Seafood during their happy hours for their 50 cents/oyster - better quality and cheaper. Turtle soup has a strange taste so I definitely prefer Felix's. A portion of my boiled shrimps are always mushy somhow, maybe boiled for too long?... - The ambient is inviting but not comfortable so we basically just finished our food and go. - Clean the bathroom!! Will probably visit again if we stay in the area next time or simply just pick up some seafood quickly.",229,1208,3,0
5.0,4,0,0,Man. This place is nice. The bartender was awesome. Try the burger. It's fresh with all local ingredients. The plates of food I saw come out looked amazing as well. The beer is cold. The drinks are mixed perfectly. This is not a chain restaurant but a dedicated local place with good employees.,53,294,0,0
3.0,0,0,0,"A couple friends and I stopped by for some late night milkshakes and found ourselves at More Than Just Ice Cream. Well, we just got ice cream...not fully taking advantage of what the name implies, but maybe next time. 3 milkshakes: 1 coffee, 1 chocolate, and 1 black&white malt. All were pretty good. Definitely satisfied the ice cream craving. I thought my coffee milkshake could have been thicker, same goes for the chocolate. The black&white was plenty thick and was probably the best of the three. Unfortunately, I did not order that one so I settled for my not so creamy coffee. I did sample some ice cream flavors before setting on a milkshake. I tried the pumpkin pie which was AMAZING. I don't know why I didn't just get this. Maybe a milkshake isn't the way to go here.",140,778,0,0
3.0,0,0,0,"Family diner. Had the buffet. Eclectic assortment: a large chicken leg, fried jalapeño, tamale, two rolled grape leaves, fresh melon. All good. Lots of Mexican choices there. Also has a menu with breakfast served all day long. Friendly, attentive staff. Good place for a casual relaxed meal with no expectations. Next to the Clarion Hotel.",55,339,0,0
1.0,0,0,0,"We visited once and were very disappointed in my veggie pizza and my husband's sub sandwich. The tomato sauce was not tasty, and they did not use enough cheese on my pizza. The dough looked and tasted like it was prepared by a machine. Perhaps they have improved, but we are not in any rush to try a second time.",60,312,0,0
3.0,1,0,1,"My food only merited maybe two stars but I will give an extra star because I like the menu (and will try more of it) and their design and concept. Sadly though, my tomato-basil soup tasted kind of like a weak marinara and my tuna melt type sandwich had a very sharp, off-putting flavor. It was citrusy, for sure, and I love lemon in a tuna melt but perhaps this was lemon zest or something just way too overpowering? I think next time I will focus on the dishes with cured Italian meats, mortadella and prosciutto. And also the baked goods, those sounded pretty good, especially the Nutella bruschetta!",109,602,1,0
5.0,0,0,0,"Been here so many times before and all I can say is the food is really good. A hidden gem in Florissant, it has the best Panang curry around. Haven't been to their sister restaurant yet, but I can't seem to want to move on when I am always so satisfied with their fare here.",55,274,0,0
5.0,0,0,0,"I just started going to Sushi Nara this month (they opened just a short time ago). I love this place; it is clean, the staff are friendly and acommodating, and the service is fast. The sushi is always delicious ((I've been here 3 times) and the prices are reasonable. In fact, this week my husband stopped in for take out, bought 4 sushi rolls and the total was $24. That is amazing. I love the freshness of the food and there's a huge selection to choose from. Everyone on the eastside, check this place out!",95,509,1,0
5.0,0,0,0,"After living in the STL area for way over 10 years now, I am both ashamed and remorseful to admit that I ate here for the FIRST time just a few weeks ago. I am ashamed because it's a St. Louis tradition and remorseful because I missed out on it for so..many...years! This place is amazing. What is not to love! It's a factory where you can get a tour (Friday-Sunday, noon-5pm on the hour), there's a shop, bar, and dining area. They also host many event with live music on the weekends. It's fun to just kind of wander and look around - don't worry, you'll get a chance because there will likely be a wait before you dine. The beer is, of course, amazing. The Hefeweizen is my personal favorite and a great start for anyone who is not a huge beer drinker (like myself). Additionally, the food is homegrown and damn good. I had the pizza (recommendation from my server) and it was really spectacular, though I'm admittedly a pizza connoisseur so I enjoy a good pizza pie more than most probably ;P My date had a bison burger which was also really good. More fun info: the service is great! I think they tend to hire more funky and alternative people (like tattoo parlor staff) which I support. The quality is what makes this place stand out along with the emphasis on local food and brewery. It is a little on the pricier side but for all the experience you get and the quality, it is worth it. I will go again and again and you probably should, too!",273,1449,4,0
5.0,0,0,0,Definitely recommend for anyone looking for a delicious meal at a reasonable price. The shrimp and goat cheese crepes are a must have!,23,134,1,0
5.0,0,0,0,Our family returned for breakfast again this weekend and the food and service was again impeccable ... Highly recommend,19,119,0,0
4.0,0,0,0,After 3 weeks of working in the area I finally found a place off of Magazine that is not overrated. Friendly staff! Y'all know I love Phò so it's pretty damn good!,32,163,2,0
5.0,0,0,0,"Traveling through in our RV, stopped over in Granite City. Found this little gem of a cafe. Upon entering, the staff was very sweet and friendly. This is like home cooking. We ate here twice and all our food choices were fresh, delicious and like we would fix at home. Yum.",51,273,0,0
5.0,3,0,0,"I must admit, I wasn't expecting much. This place totally blew us away. This has to be one of the best Indian restaurants in the Tampa Bay. The ambience is wonderful including white table linens. The best part was the food, OMG. The chicken 65 was to die for, and the hot sour soup was rich and flavorful. The waitress (Angel) was friendly, attentive and very pleasant. They opened just a week ago. I'm sure this will soon be the place foodies seek out for real Indian food.",88,474,0,0
1.0,0,0,0,Service and management terrible... After messing up all 4 of our orders the waiter got mad and started cursing... The manager offered our drinks to be free.. What a mess. The food was cold and nasty didn't even eat half of it and waited over an hour... I will never dine in any cracker barrel again after this experience...,59,323,0,0
4.0,1,0,2,"I have been to a number of dog friendly hotels...just not in the city and did not know what to expect. Usually they are motel like. This one was in the heart of the city. I walked tentatively into the hotel lobby as i have a labrador/golden mix who is not easy to hide. We got to the front desk to register and i was still feeling uneasy although my bf had assured me it was a dog friendly hotel. Reception was so nice immediately putting us at ease. As we checked in an attendant asked if Bentley could have treats which she fullly enjoyed. The Reception person also asked if we would like a welcome kit for Bentley. Holy moly. Of course. Dog dishes, a mat, treats, etc. I was blown away. Plus the guests at the hotel all stopped to compliment and pet ""queen Bentley"". Our room was on the top floor. Awesome! Even when i went to walk her the car attendants greeted her by name. We were so impressed with the service we decided to come back an extra night. Thank you Loews. I didnt realize a hotel could be so dog friendly especially to a big dog.",202,1047,1,0
3.0,1,0,0,Sometimes this food is very very good. Unfortunately it's not consistent. Ordered something I've been getting for years and every other time it tastes incredible. It's like they have different people in the kitchen and you don't know who you will get. So 50 % of the time it's excellent. UGH.,51,292,0,0
5.0,0,0,0,"My husband and I come here often. We love the food here, it's always fresh and the service is great. We highly recommend this place to anyone who loves sushi & hibachi.",32,168,0,0
5.0,1,0,0,"Fabulous! Best happy hour, fresh menu, Delish- drinks, if I had the time, I'd come here every day!",18,98,2,0
5.0,1,0,0,"Not sure why it took until now for us to find this place. We started out going to the chain lobster restaurant but wanted something more authentic. A friend recommended Lobster Haven and I checked it out online. Looked like a type of place we would eat at in Massachusetts when we visit family. We were not disappointed! Service was great, fast and very friendly. Huge selection of all of the favorites. You have to visit this place if you want authentic New England seafood. You can also purchase live lobster and fresh seafood to go and cook it yourself.",100,556,1,0
5.0,2,0,1,"Milktooth is the place to go if you want a good breakfast cocktail and a twist on traditional brunch. At first glance of the menu, you may think you've never heard of any of these foods for breakfast, and you may be right. I guarantee no matter what you order, you're going to enjoy it. Milktooth is one of the most popular brunch places in Indy, which means you will typically have a wait. Trust me, it's worth the usual 30 minute wait (on weekends). To make it go by a little faster, they've got a walk up bar for their coffee drinks and pastries. Snack on one of those to give you a preview of the amazing meal you're about to have. Their menu changes from time to time but they have a few things that stay one the menu but change ingredients. I love all of their variations on a Dutch pancake, and their raclette grilled cheese is to die for. If you're making this a boozy breakfast, don't pass up on the michelada. And sit outside if it's warm enough!",183,956,1,0
1.0,0,1,0,"So disappointing on so many levels. Have been coming here for years - and the quality of food has fallen off a cliff. Strike one - we shared an artichoke to start - and clearly it had been prepared beforehand (eg, cold on the inside - but the flesh was cooked through) Strike two - my wife had a Greek salad - and it clearly all came from a bag and was extremely overdressed with tasteless dressing. Strike three - I had grilled yellowtail which was basically execrable - could not even finish it (overcooked and an inferior-frozen piece of fish - unacceptable for SB). In short - great setting, good service - but with such horrible food - not worth the visit. This place really needs to up the quality of food - or it's going to end up just another lower State dive for the tourists.",148,785,0,0
5.0,0,0,0,"Stopped in for the lunch menu with my girlfriend, place was extremely clean, food was ON POINT! And AFFORDABLE Can't wait to go back!!",24,134,3,0
5.0,0,0,0,"I first heard about this place on the plane ride over from a Franklin local. He recommended that we brave the line and try one of Nashvilles best breakfast spots. HE WAS RIGHT. Holly cow this place kicked butt and we didn't even have to wait in line!! We were lucky to miss the rush said our waitress. I had this super savory corn pancake with bacon, salsa, and sour cream. So good. This place will always be a stop when I get back to the south~~~",87,447,2,0
3.0,0,0,0,Great food. Terrible customer service. I've been three times and I've had two different older waitresses. Not pleasant to deal with whatsoever. The owner on the other hand is lovely.,30,182,0,0
4.0,0,0,0,The food and service was amazing! I only wish they had any vegetarian/vegan options. Can't wait to come back!,19,109,2,0
5.0,0,0,0,Had the brisket sandwich with two sides and a drink for 9.99 - Great barbecue at an affordable price. Wonderful side such as potato casserole cream spinach baked beans green beans,31,179,0,0
5.0,0,0,0,"A menu that satisfies everyone's cravings! Clean, trendy, and delicious! I definitely recommend going early (before 9 am) as the wait tends to get longer after 9 am! But honestly, it is soooo worth the wait. You will leave there feeling so incredible satisfied!",44,261,4,0
3.0,0,0,0,"The ramen is okay, nothing spectacular. Service is okay. Good place for a quick stop but wouldn't go if there were other choices. Been here twice, will continue to go.",30,167,0,0
4.0,1,0,0,"Good food, reasonably priced, and nice staff. Not ideal for eating in, but since they are going for a fast food approach to vegan food, that makes a lot of sense. I know the buffalo bella is the dish that they push the hardest, but for my money the Cheesesteak is the way to go. And pro-tip: Get the sweet potato fries.",62,319,0,0
5.0,2,0,1,"Sweet spot in the Waterline. Came for some live music with friends on Saturday. Very cool. Best local beer in town by far. Seems like the concept is a few notches up from Fig Mountain. Definitely prefer Topa. Even cooler is that you can order incredible food from the Nook Restaurant, and walk two feet into Lama Dog which is part of the Waterline. I love it!!",67,360,2,0
5.0,1,0,0,Love this place...best hot dogs and chili dogs around...i go here as many times as i can..yum,17,93,0,0
4.0,0,0,0,"We have been here twice for brunch and have enjoyed it immensely. Everything we have tried has been delicious, particularly the grits with scallions and sour cream. But the room is always freezing so be sure to bring a sweater!",40,227,1,0
5.0,0,0,0,Best place for salads! I go there every time I'm in town for lunch. It's fast and veggies are always fresh.,21,107,1,0
5.0,0,0,0,This is one of the busiest Chick fil A's I've seen but they always manage to be quick and have exceptional service! I seriously don't know how they can be so quick and great all the time! One of my favorite places!,42,214,3,0
4.0,0,0,1,"Looks like there is a second Red Kings restaurant in Chinatown and it did not disappoint! Since this place just opened yesterday, I'm not exactly sure if it's replacing the other Red Kings down the street, or if it is just a second helping of spicy, Szechuan food. We ordered takeout and picked up the Dan Dan Noodles and a shredded Pork in Garlic sauce dish. The spice level in both dishes was perfect. Extremely mouth-burning, but with delicious flavors that were sweet, earthy, and fresh. The portions were very generous and will make for great leftovers for us. I can't wait to try some of the other dishes and come back here for a sit-down dinner. They also have karaoke rooms upstairs, plus they are BYOB.",127,711,1,0
3.0,1,0,1,"After trying a few ramen places with crazy variety in their selections and stellar broth, I was not too excited about the ramen I got at Cheu. Maybe it's a matter of taste, but personally, I was not a fan of their thick noodles, and extremely salty broth. The service was great, and they had a nice selection of beers! The friend I went with loved it, and has been many times. Honestly, I'm just sorry I wasn't a bigger fan. But I hope others try it for themselves. I might just be an oddball out on this one.",99,509,1,0
1.0,0,0,0,"Been to this location twice and will never go back again!!!! First time was mediocre, the second time was so very disappointing it beggars belief. I ordered some ribs and had to send them back because one half was warm and the other half was refrigerator cold. They came back and one side was really hot and the other side was still cold, third time it was edible. The manager came over the third time to apologize, never once offered to comp anything. I'm not the kind of guy to cause a fuss to get something comped, but to send something back three times to get it cooked properly and only get an insincere apology really pisses me off, enough for me to write this review.",126,674,4,0
5.0,1,1,1,"I've only had the cannolis here but they are awesome! They're freshly filled when ordered and the filling is phenomenal. Not too sweet, it's perfect. If you like cannoli, if you don't think you like cannoli, you should definitely get one from Termini Bros.",44,256,1,0
5.0,0,0,0,I stopped here because it was by the hotel I was staying in. The guys working at the shop were super nice and friendly. I really like the buy one get one deal they do. I also ordered some hot wings and they were pretty good. They had a ton of sauce on them which is awesome. Next time I come back to town I will be sure to stop here for some more pizza!,75,353,1,0
3.0,1,0,0,Honestly the food doesn't knock my socks off but other people seem to love this place. I go because my husband likes it as for me I'd rather go to a different BBQ spot. I guess it also depends on what you order.,43,211,0,0
5.0,0,0,0,First time there and it was excellent!!! It feels like your are entering someone's home. The waiters there funny and nice. The food come out very quickly and it is phenomenal!!! Definitely will be going back to this place.,39,222,6,0
5.0,1,0,0,I recently had dinner here with my wife over the weekend and could not have been more pleased! Our meal was excellent! My wife and I were astounded by how quickly our food came out! Everything tasted fresh and homemade which we both appreciated. The only problem was trying to pick something from the menu as there were too many delicious sounding items to choose from. We will definitely be returning to try more items! Can't wait to see what the next chef specials will be!,86,475,5,0
3.0,0,0,0,"Service was crappy, and food was mediocre. I wish I would have picked some other place for my last dinner in town.",22,114,0,0
5.0,0,0,0,Best thai food in the area. Everything was authentic and delicious. Will definitely be back again and again.,18,108,0,0
4.0,0,0,0,Went for lunch. Beef brisket sandwich was awesome. So juicy and tender. Pulled pork was was just as good!,19,105,1,0
4.0,1,0,1,"I was really between 3 and 4 stars for this one. I LOVE the 96th street Naked Tchopstix so I was very excited to see this one which is closer to my house. The vibe is totally different as this is geared more to take out although they do have a decent size dining area. You order at the counter and they deliver it. My daughter and I tried the sushi bowl. You pick up a piece of paper and select from a choice of proteins, vegetables, rice and toppings. I like the fact that it is on paper and you don't have to guess what things are or have to shout over the counter to tell the server what you want. The sushi bowl was good but not wonderful. The choices particularly of the vegetables seemed a little too limiting and I felt I had more rice than other food items. The sauces were tasty. My husband ordered the Maui roll which is my favorite roll at the 96th street location and this just was not up that standard. It was good but the quality and consistently was not as good as at 96th street. I would go back though and I think a lot of people would be happy with the sushi bowls. I do want to make a comment about the low reviews that people have given the place because of service. People - it is a sushi place - it isn't McDonalds- so it will be a bit slower. You are not going to order and get out of there in five minutes even though it is called express. As a healthy alternative to fast food in the area, it is worth the wait. Oh and try the bubble tea. I had the strawberry and it was quite yummy. Next time I am going to try the vanilla chai.",313,1554,0,0
4.0,0,0,0,"Yes, this is the only sushi place in town. However, it is great when you're craving sushi and don't have time to go somewhere else. The salmon is probably the best fish they have, so we always order salmon. We also love their spicy edamame, tempura, ocean salad, and cabbage salad. Service has always been friendly and quick!",58,325,1,0
3.0,0,0,0,"Upland is a brewery based out of Bloomington, Indiana that has become popular enough to open up a couple additional locations in central Indiana. All of their beers are very good, and I am also a fan of their burgers and tenderloins. Therefore, I was excited to try their pizza, but I don't think it ended up being on par with these other items. My margherita pizza had a cracker-like crust and was pretty light overall. The cheese was good, but none of the other toppings added much flavor. There was no red sauce as is typical for a true margherita pizza. My opinion is that Upland's pizza might serve as a nice appetizer for a group, but I'll be sticking with their burgers or tenderloins as my meal of choice on future visits.",134,730,0,0
5.0,2,5,2,HOLY SMOKES! actual pumpkin pie mixed in with the frozen custard......are you kidding me? Why hasn't this become a huge sweep the nation treat. The best part was the chunks of pie crust. Like finding a diamond inside another diamond. Super yummy.,42,246,1,0
5.0,0,0,0,"My absolute favorite cafe in the city. Their black and white latte is probably the best I've ever had (not too sweet and just the right amount of foam), soups are always really good (even for non-soup people) and there's just a lot of space to do work. The noise level is perfect, the music is at a perfect level, and I always enjoy when patrons bring their dogs. I'll keep giving them my business for as long as I can.",81,419,0,0
4.0,1,0,0,"The hubby and I have been here on multiple occasions and we have loved every part of the meal, every single time. Everyone from the servers to the bartender is very knowledgable about the menu and was able to immediately recommend items I could eat as-is, substitute or delete to make something safe for this Celiac girl to eat. The wine and cocktail menus are spot on. The food divine. My only wish is that they would have a gluten-free dessert, we've always had to go elsewhere for something sweet. But that is not a big deal and I still want to go here time and time again.",108,576,0,0
5.0,0,0,0,"Tremendous service (Big shout out to Douglas) that complemented the delicious food. Pretty expensive establishment (40-50$ avg for your main course), but its definitely backs that up with an atmosphere that's comparable with any of the top tier restaurants across the country.",42,276,0,0
5.0,0,0,0,"Great place for breakfast! I had the waffle, which was fluffy and perfect, and home fries which were nice and smashed and crunchy. Friendly waitstaff. Will definitely be back!",29,175,2,0
4.0,0,2,0,"The bun makes the Sonoran Dog. It's like a snuggie for the pup. A first, it seems ridiculous and almost like it's going to be too much, exactly like everyone's favorite blanket with sleeves. Too much softness, too much smush, too indulgent. Wrong. It's warm, soft, chewy, fragrant, and it succeeds where other famed Sonoran Dogs fail. The hot dog itself is flavorful, but I would prefer that it or the bacon have a little more bite or snap to better hold their own against the dominant mustard and onions. I'm with the masses on the carne asada caramelo. Excellent tortilla, salty, melty cheese, and great carne. Super cheap and you can drive through.",114,651,0,0
4.0,0,0,0,"Good food--loved the gnocchi with marinara the baked eggplant appetizer was very good too The service was very slow, but despite this, I'd go back, the food is just that good",31,174,0,0
4.0,0,0,0,Love going here for happy hour or dinner! Great patio with fans to beat the StL heat! Also...very accomodating at this location. I like the Veal Milanese but with mixed greens instead of pasta! they'll modify the menu to suit your taste!,42,237,4,0
4.0,0,0,0,"Locals recommended Milktooth, and it's an amazing jewel of Indianapolis. I'm glade I had the chance to experience this.",19,119,0,0
3.0,0,0,0,"Had a party of 6 here for hibachi. Our waitress brought our separate sushi orders on one plate so we couldn't really tell who's was who's and forgot several items on an order. I understand making mistakes but the restaraunt was really quiet so we were kind of surprised. Usually hibachi is a fun lively experience and our cook said maybe three words, but he cooked very well his name was Francisco. Service was fishy, food was pretty good, and im hoping it was just an off night here. But for the money I wouldn't go back.",97,522,0,0
5.0,2,0,0,"Amazingly amazing wings and homemade bleu cheese. Had the ribeye: tender, perfectly prepared, delicious. Nice selection of craft beers. Would DEFINITELY recommend checking out this hidden gem.",27,192,0,0
1.0,1,2,1,I am a long term frequent customer of this establishment. I just went in to order take out (3 apps) and was told they're too busy to do it. Really? The place is maybe half full at best. Does your dick reach your ass? Yes? Go fuck yourself! I'm a frequent customer AND great tipper. Glad that Kanella just opened. NEVER going back to dmitris!,65,341,2,0
4.0,1,0,1,"Cute interior and owner (?) gave us tour of upcoming patio/rooftop area which will be great on beautiful days like today. Cheese curds were very good and very filling. Really like that sandwiches come w salad, esp after eating too many curds! Had the onion, gruyere, tomato sandwich. Wasn't too much cheese which I liked. Needed something else...pepper jelly maybe. Would like to see more menu options added such as salads w fun cheeses. Lots of beer and wine as well as limited cocktails. Next time I will try one of the draft wines.",94,534,1,0
5.0,1,0,1,"Wow! Yummy, different, delicious. Our favorite is the lamb curry and korma. With 10 different kinds of naan!!! Don't let the outside deter you (because we almost changed our minds)...go in and try something new! You'll be glad you did!",40,235,6,0
2.0,0,0,0,"I at least have to give this restaurant two stars due to the decent food. But while on a dinner meeting and after spending $100 on entrées and appetizers, I had to flag down the assistant cook, (the guy in bright red baggy pants watching TV), to see if I could get more avocado for my tuna entrée. He made it very apparent and direct that he could not help me with that situation and I would have to flag down my waitress so she could bill me for the four dollar avocado.",93,471,0,0
5.0,0,0,0,"Great burgers,fries and salad! Burgers have a hint of salt and pepper flavor. This location is very quaint. They only have outdoor seating Friendly staff. Street parking as well as parking lot in the back.",35,205,1,0
5.0,7,0,3,"I LOVE Weaver's Way and really disagree with some of the content in previous reviews. WW is not necessarily meant for convenience shopping. I am a single woman and I find that I have no trouble shopping at the co-op, during peak times or otherwise. I actually find the co-op to be a great place to shop if you live alone because I can get smaller quantities of items than if I shop at the corporate stores like Acme. I also enjoy the work hours - I've worked throughout the store, but most recently, I have been getting in my hours by participating in the membership committee. I wouldn't say that the community is necessarily made up of ""tree huggers"" and ""earth children"", though. The community is made up of a variety of similarly-minded folks from different backgrounds. I enjoy having a place to go to where I can obtain locally grown produce, a place that offers more natural, wholesome, and preservative-free foods than chain stores with prices way below that of Whole Foods. I enjoy interacting with other members and contributing to my local and global community. I don't find the membership fee or the work hours to be prohibitive being a single person vs. a family. I don't think that membership in a co-op is for everyone and, if you aren't single, it's definitely not a solo decision. If you're keen on being committed to the Weaver Way values, you couldn't find a better place to shop. If not, stick to the chain stores or just pay the 10% visitors' fee to pop in once in a while.",270,1494,0,0
5.0,1,0,1,Great staff always helps and always nice. Always clean and huge store size. Stays stocked with everything you need. The staff always helps make my custom breakfast bagel,28,169,0,0
5.0,0,0,0,"We were a bit weary about trying the Shellfish Company on the Wharf as more often than not, many places like these (see Cannery Row, Monterey) feast on a captive audience and provide sub-standard fare at high prices. However, emboldened by the perennial good reviews on Yelp, we suppressed our initial observations and went ahead with the trying it out. The place is small, so definitely plan ahead. You will have to wait, so either you know, just do so, or perhaps try to visit outside of peak hours. Luckily, our wait was only about 20 minutes as the dinner rush was just leveling off. The special was the local rock crab - $25 for 3 lbs of California Rock Crab, salad, and your choice of soup/chowder. After taking a look at a few trays of rock crab being served out, the wife and I both opted for it, as it looked awesome. The salad/chowder combo was great as you actually received hearty portions of each, so it was a good start. As much as I liked the chowder however, the Shrimp Bisque the wife ordered was amazing, so I would recommend that going forward. But enough of prattling on about side dishes: the rock crab tasted just as glorious as it looked. Juicy, buttery chunks of white crab meat await you, just a few cracks away. While the rock crab shells are pretty thick, once cracked, they splinter and separate easily, a good sign they are cooked to perfection. The rock crabs provided a great amount of meat for what I felt to be the least amount of work you're going to do for crab, King or otherwise. We were thoroughly satisfied with our meal and along with the special being an overall great value, devouring the Rock Crab at SBSC turned out to be one of the favorite meals on the trip. I think ordering crab here is a safe proposition indeed.",324,1761,0,0
4.0,0,0,0,"My go-to spot on a Saturday night! I was real bummed that lucys closed, but was pleasantly surprised by this bar just across the street! Their food is better than expected. I always get wings and fries. (be careful of the wtf sauce though) Sometimes it takes a real long time to get the bartenders attention, but the place is usually packed. And if you're lucky the always sunny crew will pop in!",73,396,3,0
4.0,1,0,0,Excellent service! Great diner food and breakfast is served all day. Came here for lunch- they were busy but very friendly and hospitable. Easy to get to off the 295.,30,166,1,0
4.0,0,0,1,"My go to menu is coconut soup and pad thai with protein. I tried same menu here. Actually really like their coconut soup. They used enough amount of coconut milk that soup was really creamy and wasn't over powering with herb. I am so used to Americanized thai cuisine that I prefer less herb on my dish except cilantro. Pat thai was great too. Liked the amount of peanut they used, noodle was chewy and perfect and not too sweet. They gave me generous amount of chicken and white meat wasn't dry so I was very happy with my meal.",100,529,0,0
5.0,0,0,0,"My brother came to visit and we wanted to pick up a six pack of good beers for a night in. Ended up staying and having a few while playing their Nintendo 64 (Super Smash Brothers, which the owner said was donated by fellow patrons). It's a great place with good food and genuinely nice people. Should be a staple in the Northeast.",63,330,0,0
4.0,0,0,0,"I love the Brewpub for their variety of dishes. Nachos, pizza and sandwiches. Variety of beers to choose from crafted right on sight. Every time we go, the service is slow. I think it's just the pace of the restaurant. It's never a quick beer and a bite of food. Instead, enjoy the patio and friends, savor that time. Kid and dog friendly environment. Also great for your vegetarian and vegan friends. My go to is a half order of the nachos or fish & chips. Tried their Pumpkin Seasonal Beer and it's on par with some of my favorite pumpkins.",101,542,0,0
4.0,0,0,0,"It was my fiance's birthday and he decided he wanted a good, laid back Thai restaurant for dinner. Yelp steered us in the Jasmine Rice direction, and it was definitely a good decision. We wanted the summer rolls, which were on the menu, but apparently will not be available until summer, so we settled on the pan-fried dumplings. The flavor was good, but I don't think we'd order them again. We got the green curry fried rice with duck and chicken pad thai. Both of those dishes were great, but the duck stole the show. That was some the of tastiest duck I've ever had. The pad thai was a bit sweet for us, so I think we'd try a different noodle dish when we return. But it was still very good, especially with some chili sauce mixed in. Our service was good, but other people had issues. One table was rushing to get to a show at the Kimmel Center and waited quite a while for their meal (and were going to be late). Another person who got take-out was missing one of their items (but the owner realized it and called him and walked the dish to his house, which was very nice). Overall, good quality Thai! We would definitely go back.",214,1135,1,0
2.0,2,0,0,"We started with the artichoke dip, big mistake. It was cold and the chips were stale. Mentioned to our waitress, but nothing came of it. We ordered a large pizza, thin crust which after adding toppings it was a bit pricey for pizza. Pizza was ok, not great. Except for not being our advocate our server was good. I have been here before for Cardinals game, it was better then. Will try another venue next time.",76,410,0,0
5.0,3,1,1,"On a scale of one to things that are awesome, this place is the bomb. I was drawn in by the promise of the duckfat frenchfries. Took the boy for his birthday and put our name in, had a drink around the corner while we waited and were given seats at the bar after about 45 minutes. We were waited on by Keith, the bartender, who was congenial, knowledgeable about his whiskeys and an all-around cool guy. We started with 3 cape may salts (two for me, one for the boy) and tater tots, both of which made me happy. For dinner, I got Kentucky Fried Quail (stellar, though the succotash was not as exciting as I wanted it to be) and the boy got the 24$ Fois Gras burger, which was incredible. Worth every penny. The duckfat fries were pretty yummy, but not even the best part of the meal. I could've done without the cheese sauce, but as it was on the side I wasn't deterred. I look forward to coming back here, with everyone I know.",179,928,0,0
4.0,0,0,0,The cafe was extremely cute. We came at 8am and they even had a jazz band playing at that time. I got the breakfast sandwich and it was delicious. I loved how they rolled the egg and put the bacon pieces inside. Great price for a filling breakfast!,48,248,1,0
1.0,1,0,0,"If you want to pay for everything a la carte this is the place for you. Food wasn't terrible not impressive. They brought a basket of chips and some tomato sauce which I asked politely for something spicier and some pico de gallo. She brought them happily to me and the salsa was much better. When asked what we would like to drink I asked for a coke and she brought out a bottle which I stated I wanted the fountain drink. She said ""oh that's only Pepsi"". Never mentioned that they only had bottle drinks for coke. We ordered our food which was reasonably priced, asked for sour cream and also to put cheese on the taco. She let us know cheese was extra. It was $2.50 extra for another basket of chips. When I received the bill we paid more for the condiments then the actual food. Side of sour cream 2.00, pico de gallo 2.50, salsa 2.00, chips 2.50, cheese 1.00 and the bottled coke that we didn't want 5.00. Just a suggestion...when you order anything make sure to ask if there is an extra charge.",189,1000,0,0
2.0,2,3,0,"NEVER AGAIN. This is a so called restaurant that does nothing that a restaurant should other than prepare food, because the rest is done by the patron. Want water? Get up and go across the yard to get it. Want a drink, walk up a flight of stairs and pay cash. Want to sit in a dirty yard in dirty lawn chairs, enjoy yourself. The wait staff is mildy helpful in that they bring you your food after you go to the window and pay cash for it...kind of like New Orleans Hamburger and Seafood, but dirty and with live music (which is nice). It's a one in a lifetime experience for me...just once.",114,590,0,0
3.0,0,0,0,"In a word... ""OVERRATED!"". The food took forever to come out. The burger was WAY overcooked (Especially when I ordered it Medium Rare) and the Seafood Jumbalaya was Decent. Not worth the price. There are better places to eat in the french quarter. It was not horrible, but for everything that we had heard about this place, I would have expected much better.",63,358,1,0
5.0,0,0,0,"Stopped by after a Sunday morning walk in the park - great food, coffee customer service - love the vibe in here",22,112,0,0
4.0,0,0,0,"The only reason I didn't give this restaurant a 5 star rating, is because of one single pretentious waiter. As a 4 night guest at Hotel Palomar, the location of the restaurant is an obvious plus. The first night of my stay, I met a coworker in the restaurant for a cocktail. When we arrived, the host staff were busy and not available, so we just walked in. The restaurant was not too busy, so we just looked at a small table next to the bar and proceeded to take a seat. A waiter came by and I quickly asked if we could have a seat, before sitting down and told him we'd only be having cocktails. He stumbled on his reply, and in an irritated/in-convinced tone, told me ""I guess it would be fine"" and basically just kept walking mid sentence. My guest and I brushed it off, and started having a conversation while looking at the drink menu. To make a long story short, he was distant and we both got the ""couldn't be bothered"" vibe from him. When it came to the bill, we asked if it could be split due to company transaction policies, and you would have thought asked him for some inconceivable task. We basically spent the rest of our night and elevator ride to our room in shock of the rudeness we had just experienced. Although that situation left a bad taste in our mouth, and the night before we decided to avoid the restaurant, we decided to grab another cocktail and give this place one more try. After looking around and ensuring ""last nights waiter"" wasn't on shift, we walked over to the bar and started looking over the menu. Instantly, the bartender greeted us with pleasant small talk and made us feel 100% welcome. He asked about our day, recommended cocktails and was a completely genuine person. This guy (I think his name was Ben) is an absolute star! He gave us lessons on Whiskey, described how to make classic cocktails, and was 100% invested in our experience. This is exactly what a bartender at a 4/5 star establishment should be - actually he exceeds that. He was kind, funny, friendly and completely redeemed this restaurant/bar from our terrible experience the night before. I also ordered room service last night from this restaurant, and it was amazing. The bacon wrapped dates and chocolate cake are to die for! Great restaurant and amazing bartender(s). Too bad one bad egg could have spoiled this experience.",422,2340,2,0
2.0,1,1,0,"Straight to the point, it's cheap, it tastes and feels cheap The good: price, location, dessert (edible food items are: baked chicken, fried chicken, mashed potatoes, Salad bar lol, meat and cheese bar, ravioli, pizza) also our waitress was bomb af The meh: behind counter meat slicing station, shrimp (not even deveined), Mexican station The bad: breakfast -worst eggs ever, actually worst, eggs. Le Benedict can't even cut through ham or English muffin (tried on all 3 occasions), steak, shrimp again, hell breaded items can't even, don't even. Decor it's the 1970 nightmare you can imagine Tried 3 times and failed",101,617,0,0
4.0,0,0,0,Food was good- atmosphere/decor is like a fishing lodge- menu is someplace between outback & bonefish. Went on a Groupon & all 3 of our meals & calamari appetizer that we ordered were cooked perfectly- we will def be back.,40,222,0,0
5.0,0,0,0,Amazing biscuits and (fill in the blank). Great cocktails too. Highly recommended. A bit busy though.,16,101,0,0
5.0,0,0,0,"My boyfriend and I tried this deli for the first time today. I had a turkey, avocado & bacon panini and he ha a buffalo chicken wrap. We will definitely be returning. The wait for food wasn't too long, which is always appreciated during lunch hour. There was SO much to choose from. They have salads, soup, macaroni, sandwiches and hot food. I love a deli that has many options to choose from!",73,393,1,0
5.0,0,0,0,"What a great addition to the Funk Zone! Grab a bite, grab some tastings, life is good. Right next door to the Santa Barbara Wine Collective, in fact it actually shares the same tables. We had a fabulous savory croissant.",40,220,1,0
4.0,0,0,0,"After my ROTD yesterday of a different Sweet CeCe's location, I realized that I had never reviewed my local source! Anyway, I love the product. Love love love. And I usually like their selection of toppings - good mix between healthy and not-so-healthy. Sometimes the girls working there aren't really paying attention or are nowhere to be found. Sometimes you have to remind them of their deals (like $5 Friday). But I can't give it less than 4 stars because I just love it so much.",86,483,1,0
4.0,0,1,0,"Oh Chickie's and Pete's, you are the perfect place to watch some sports and indulge. No doubt this is not the best food I've ever had but, if you can get a seat, grab some beer with mussels red and crab fries, there's no way not to thoroughly enjoy this place during a game or any time you're down by the stadiums. My favs are the crab fries, mussels red (white is overloaded with garlic that I can't always take it), the spicy pull and peel shrimp, steamers, and if the mood is right the blue crabs (it's a lot of work but tasty). This place also makes getting down and dirty with your food easy. There are sinks all over so you can rinse the mess off your hands once you're done....good touch. To sum it up, Chickie's and Pete's is a Philadelphia institution and always a good time. I strongly suggest going at least once to enjoy the experience. Please note: Make sure to remember two things before coming during major sporting events. 1. You'll never get a table and 2. You'll deal with a ton of drunk people. I've absolutely been one of these people before and we can get annoying unless you're in the right frame of mind. :)",213,1130,0,0
