error_type,index,primary_mode,all_modes,n_modes,stars,word_count,prob,text
FP,7,negated_hazard,negated_hazard|illness_mentioned_not_caused_here,2,3.0,198,,I usually try and go organic whenever I can and this place isn't so bad. Wish they had more room and places to sit because sometimes it can get busy. Coffee wasn't so bad and food was decent. This is really the only place I haven't gotten sick from on the island since my husband and I were here for a conference. I feel that I'm paying a bit much though for oatmeal(4$... But delicious! They put rai
FP,10,illness_mentioned_not_caused_here,illness_mentioned_not_caused_here|strong_negative_sentiment_only,2,1.0,89,,You sick sick sad little man who ran from us because you didn't know what a gramcracker is I dislike you you are almosty single handedly worse then carpinteria campground and my experience with rubbing alcohol. You have ruined the store with a giant selection of mayonnaise for me. After at least 15 people not knowing what gramcrackers were we had hoped that Albertsons would know what the honey goo
FP,15,negated_hazard,negated_hazard|illness_mentioned_not_caused_here|strong_negative_sentiment_only,3,1.0,47,,"Ordered food - the soup dumplings. 4 of them were fine (they tasted OK), but the other 4 were absolutely raw (took 1 bite, threw the rest away)....I hope I do not get sick from the dumplings. The other things were fine...but the raw dumplings were unacceptable."
FP,16,unexplained_fp,unexplained_fp,1,2.0,121,,"I like the ice cream at icesmile, the only thing that I thought sucked was the fact that they advertise giving you a free ice cream on your bday. Bring your ID they say. I was there buying more than one ice cream on the day before my bday. I asked if I could get my ice cream that day or next week bcuz I was having surgery on the DAY of my birthday and I would not be able to make it there, I'd be i"
FP,23,negated_hazard,negated_hazard|illness_mentioned_not_caused_here,2,2.0,350,,"This place was built onto the side the hotel I was staying in, so after driving all day I decided to have dinner with four other members of my party at Syberg's. Obviously the location was convenient. The ambiance is identical to just about any other sports bar and grill you've ever been to. Service was average. The food, however, is the real story here. I ordered the Philly chicken sandwich and w"
FP,24,neutral_allergen_mention,neutral_allergen_mention|negated_hazard|illness_mentioned_not_caused_here|unpleasant_not_unsafe,4,1.0,560,,I used to give this spot 5 stars. But after my last visit. I wish I could give it ZERO. This has been a regular weekend spot for me and my man after we found out they so kindly were serving Gluten Free pancakes. (It's not on the menu but something that is known). I spread the word to everyone gf that I knew and had been going about every other weekend for over 2 years now. We walked in about a mon
FP,29,negated_hazard,negated_hazard|illness_mentioned_not_caused_here|unpleasant_not_unsafe,3,1.0,191,,"Yikes! We stopped in for the lunch buffet because we were at the doing laundry next door and we were hungry. The restaurant was so dirty! The lettuce at salad bar looked old and brown, so I chose the spinach. But then I did not even want to get a fork for my salad because the utensil containers were filthy. The pizza itself looked ok and I did eat a couple of pieces simply because 1.) We had alrea"
FP,30,negated_hazard,negated_hazard|illness_mentioned_not_caused_here,2,3.0,76,,"I haven't been here in years, and a couple of weeks ago I decided to give it another try, since I had once praised it so highly. The salad was iceberg and nothing else. That creamy ginger dressing I once loved? Too heavy and too mayo like. The sushi was fine. It was edible and I didn't get sick. However, I'd rather eat at other places in the city. It's good on a budget, I suppose."
FP,34,illness_mentioned_not_caused_here,illness_mentioned_not_caused_here,1,1.0,164,,"Drove all the way across town to get a breakfast burrito for a sick friend, I called ahead to make sure you served breakfast until noon. I arrived at 11:56 and was told you stopped serving breakfast at noon. I stated that it wasn't noon yet. My phone, the clock on my car and the clock on the bank down the block were all the same. The staff just refused to help me. It's 12:09 and I'm leaving my rev"
FP,38,hypothetical_or_speculative,hypothetical_or_speculative|illness_mentioned_not_caused_here|strong_negative_sentiment_only,3,1.0,75,,"Maybe the pizza is good here... but I can really only speak on the soup and salad. It could be the case that I'm the idiot who decides to get italian wedding soup at a pizza joint, but it was rancid :( I tried to get through eating it, but I just couldn't do it. I was too worried I would be sick afterwards. The salad was pretty overwhelming, too. I just wouldn't go back."
FP,43,illness_mentioned_not_caused_here,illness_mentioned_not_caused_here|unpleasant_not_unsafe|strong_negative_sentiment_only,3,1.0,34,,"I would've gave them 1 star if it wasn't required..... Nasty Rewarmed Gritz, Dirty waffle makers...... I'm sick Of'em...... this eatery hasn't been up to par since the first day they opened the doors"
FP,53,illness_mentioned_not_caused_here,illness_mentioned_not_caused_here,1,2.0,147,,"When I lived in Chicago, it was de rigeur to pop into a Mexican joint for a quick, easy burrito fix. So this week when I was sick, I got this incredible craving for your basic veggie burrito--beans, rice, lettuce, tomatoes, onions, avocado, that type of thing. I stop into El Arado, thinking it might scratch my itch. Not so. I ordered a basic burrito with avocado and beans and got a small flour tor"
FP,57,negated_hazard,negated_hazard|illness_mentioned_not_caused_here,2,2.0,177,,Not a fan. I just moved to the area and decided to try eating someplace close to where I live instead of driving downtown. I should have known by the stale smell that hit me in the face when I walked in to turn around but decided to give it the benefit of the doubt since I've read some descent reviews. There was just a husband and wife working and I was the only one there at 6:30 on Friday so the 
FP,61,illness_mentioned_not_caused_here,illness_mentioned_not_caused_here,1,3.0,319,,"While I enjoyed the ambiance of The Libertine the 3 stars is mainly for the food. My husband and I went with another couple. To start we ordered the Pull Apart, Elote, and Bacon Flight. Looking past the fancy names, what we got was a small loaf of bread (that should be given as complimentary) with a hint of cheese, corn on the cob rolled in cojita cheese, and bacon in a cup served with superfluous"
FP,64,unexplained_fp,unexplained_fp,1,2.0,356,,Family reunion was held on May 31st thru June 4th 2018 at Shephard's. Gulf front room with a great view and that's about all I could honestly say. There is really not enough light in the room especially for women when wanting to get dressed and apply makeup. There isn't a mirror anywhere other than the bathroom never mind a full length mirror which most women feel is necessary when getting dressed
FP,66,illness_mentioned_not_caused_here,illness_mentioned_not_caused_here,1,3.0,388,,"The beautiful wife and I have visited Modesto three times (twice at the bar, once in the dinning room). I just don't know about this place -- I've walked out of there going ""two stars, not going back!"" to well, going back and thinking ""four stars, can't wait to come here again!"" So I'm going with three stars -- there's consistently been enough positives and negatives that they balance out. Here's "
FP,80,illness_mentioned_not_caused_here,illness_mentioned_not_caused_here,1,3.0,101,,"This place has a nice atmosphere to it. The service is nice enough. If they get too busy, they'll forget a lot. They were very accommodating and friendly when my friend (who has a nut allergy) sent her waffles back because it had Nutella on the plate. My order of the grits bowl was just ok. The veggies and sausage on top were kind of cold, but it wasn't a bad dish overall. The Belgian Waffles are "
FP,91,illness_mentioned_not_caused_here,illness_mentioned_not_caused_here|unpleasant_not_unsafe,2,2.0,339,,"Had lunch there today.... The food was ok. The service was weird. We walk in and wait at the podium, a few minutes later a server walks up and grabs menus and asks us ""how many?"" We say 2 so he turns and walks towards the tables without saying anything. I look at my husband and say ""I guess we're supposed to follow him?"" We sit, the server mumbles what we would like to drink, he brings them, asks "
FP,98,unexplained_fp,unexplained_fp,1,3.0,157,,"So I REALLY like this place, they have great coffee, soy and almond milk, and good food. (I have an allergy that prevents me from eating most of their food - but what I have eaten is great and everyone knows loves it), BUT it is a coffee shop and they take WAY too long to make a drink. I have had to leave here more often than stay and get coffee elsewhere to prevent being late. On more than one oc"
FP,109,illness_mentioned_not_caused_here,illness_mentioned_not_caused_here,1,2.0,182,,"Would like to have sat down for a break and enjoyed a nice latte after shopping. I order a latte from a barista who's allergic to smiling but eager to show off her cleavage (really). According to her she cannot serve a latte in a mug because ""we're closing in an hour."" Granted, this may be the most bomb espresso drink since the beginning of time, but it will not take me an hour to drink it. Regard"
FP,119,illness_mentioned_not_caused_here,illness_mentioned_not_caused_here,1,2.0,325,,"Beer: Excellent. The only reason to go here. However, you can only get one beer at a time, even if it's a 4 oz. pour. The waitress gave me some baloney excuse about how they don't want the beer to sit out that long. If your beer goes bad that fast, you've got a problem. They also have a card that tells you that you should only order a pint of beer if you're really serious about drinking, and they "
FP,123,illness_mentioned_not_caused_here,illness_mentioned_not_caused_here,1,3.0,112,,"Here it is. The famous Imo's Pizza. The pizza, its cheese in particular, is more divisive than the AB-InBev merger. I'm personally a fan of the pizza, and I can prove it by eating an obscene number of slices in one sitting. I've done so at this location more than once because the service is speedy and there's always open tables for you and your guests. If you plan on making a trip, preclear your p"
FP,125,illness_mentioned_not_caused_here,illness_mentioned_not_caused_here|unpleasant_not_unsafe|strong_negative_sentiment_only,3,1.0,359,,"Worst food and poorest service I have had in my 6 years in New Orleans. How anyone could eat this drivel is beyond me. Frankly, the only reason I ate any of it is due strictly to hunger. Experiences like this make me glad I live in the city, and not on the West Bank with low quality places like this. Omelettes are not supposed to be a round piece of egg cake, clearly just poured into a pan and coo"
FP,126,neutral_allergen_mention,neutral_allergen_mention,1,3.0,267,,"Upon reading the description of the 'Ziggy burger', (there was no warning of pickles) I ordered it and was disappointed. Here's why: It contained pickles, and I am allergic to white vinegar, since I was so hungry, I pulled the pickles out and ate the burger anyhow. I immediately noticed that the burger's only flavor was in the incredibly messy and watery sauce that they put on it. This sauce was p"
FP,130,illness_mentioned_not_caused_here,illness_mentioned_not_caused_here,1,3.0,99,,"Nice starbucks. It has a very large outside seating, but not so much inside. The drinks are made very consistently and tasted exactly the same every single time. However, one thing that bugs me the most is how freezing this place is. They turn the ac up too high and they will never adjust it for you if you ask. I even find myself bringing a sweater or jacket here on summer days. Trust me. It is fr"
FP,135,illness_mentioned_not_caused_here,illness_mentioned_not_caused_here,1,2.0,639,,"Wow. Where to start? If you don't know, this hotel is in its own zip code - about the size of the community college I attended. Luckily, I was pre-warned of its labyrinthine layout and sprawling floor plan far in advance by a colleague - who mentioned that she never set foot outside in her week of staying here, because, simply, you don't have to. Bars, restaurants, convention center, shopping, cof"
FP,138,illness_mentioned_not_caused_here,illness_mentioned_not_caused_here,1,1.0,119,,"Ate here last night with a few girlfriends who had never been, I was here once prior and if I had to guess I'd say this place is failing ... Food was not good at all, I thought it was just ok a year ago for the record. The other thing that was odd was that no one was there on a Friday night. It was 35 dollars for the Risotto lobster shrimp dish that was basically all risotto and 5 hunks of seafood"
FP,141,illness_mentioned_not_caused_here,illness_mentioned_not_caused_here,1,2.0,132,,"When I was in high school (11 through 15 years ago), I used to eat at Gullifty's maybe once a week. In retrospect I have no idea why, especially considering I couldn't even take advantage of the bar. It was probably because at the time I just ate pretty much chicken fingers, burgers, and maybe the occasional sandwich. Having gone more recently, not much has changed. If you're looking for anything "
FP,144,unexplained_fp,unexplained_fp,1,2.0,117,,"Do Not Eat On Bourbon St....advice from the locals I wish we had before we stopped here. Would have maybe been a 3 star since the food and service were alright. Would have been a 1 star if I knew for sure this is where I got food poisoning. I wish I knew for sure, but I either got food poisoning from here or McDonalds...so i can't be positive but we think that gator slider was not prepared correct"
FP,149,illness_mentioned_not_caused_here,illness_mentioned_not_caused_here,1,2.0,264,,"The first time we at here, my husband and I declared it to be our favorite Thai in St. Louis (though, that's not saving much considering I've been hard pressed to find anything rivaling even what I've eaten in Oklahoma City). We visited for the second time, though, and will NEVER be returning. When we came in, we waited a FULL five minutes before being seated. Another five passed before our waitre"
FP,151,generic_complaint_no_hazard,generic_complaint_no_hazard,1,2.0,57,,"As a patron with Celiac Disease, I appreciated the option to order the egg scramble. As delicious as it sounded, however, my eggs were cold when they arrived. Yuck. Our server was also not friendly or welcoming. I asked his recommendation of coffee, and he responded with a curt, ""we have coffee... and coffee"". Will not return"
FP,156,illness_mentioned_not_caused_here,illness_mentioned_not_caused_here,1,3.0,179,,"Here's the deal. It was a day before Father's day, a Saturday. We were driving back from San Francisco. Sat at the bar with my husband, son, daughter. I was feeling sick so we ordered mostly sushi for my husband and son. The bill was $92.00. When I was paying the bill, the manager says, next time you should ask for the Friday and Saturday EAT ALL U CAN SUSHI and ROLLS. Now you tell me I thought. I"
FP,158,unexplained_fp,unexplained_fp,1,2.0,194,,"Unfortunately I cannot split the rating between food and the service. I was down here for a week and was sick of seafood, decided to grab a burger. Ordered a Bloody Mary , and engine #29 burger. Both were fantastic, bad part is I was out of drink when she brought me my food. And I might note it was a jalapeño burger. Needlesss to say I say there sweating like a pig while she fiddle-farted with som"
FP,166,unexplained_fp,unexplained_fp,1,3.0,32,,Nice big patio that's great for a beer and french fries on a sunny day. There's a hospital a couple blocks away so expect sirens screaming in your ear the whole time.
FP,182,illness_mentioned_not_caused_here,illness_mentioned_not_caused_here|strong_negative_sentiment_only,2,1.0,87,,Worst service I've ever had our waiter was very rude saying we can in late when we came in an hour before closing he gave us an attitude the whole time we were there also messed up a few orders. These people discriminate against college students and it's horribly sick. We then reflected his service in his tip which he would have expect because of how rude he was. I highly discourage anyone think b
FP,187,unexplained_fp,unexplained_fp,1,3.0,77,,"A quaint old-style southern restaurant. I had the brownie sundae (sugar coma!) and hubby had a malt. we got there just at closing. a lady was playing a piano and came by our table to ask for song requests. I read that the place used to be a drug store on the ground floor and a hospital on the 2nd floor-built in 1898 (?). It's got charming atmosphere and the desserts are hand made, not shipped in."
FP,202,illness_mentioned_not_caused_here,illness_mentioned_not_caused_here,1,2.0,198,,While visiting Florida my mom treated us to a mani/pedi service at this spa. When she booked the service on the phone she was never told that any service gets you use of the facility on the property or that there will be an additional 18%tax on top of the nail service BECAUSE of facility use. The total for 2 mani/pedi's plus tip cost $250.00 (WHAT). My moms French manicure started to peel off in l
FP,214,illness_mentioned_not_caused_here,illness_mentioned_not_caused_here,1,2.0,131,,"Completely goes off viral marketing via drunken stories and the use of the word wiener in an inappropriate manner. One of those things you do when you have been drinking way too much and suddenly decided that eating out of a hot dog cart off Bourbon St. is a great idea. Probably a good place for a quick bite when you are just sick of pizza by the slice. Nothing special in my opinion. But, it is qu"
FP,229,hypothetical_or_speculative,hypothetical_or_speculative|illness_mentioned_not_caused_here|unpleasant_not_unsafe|strong_negative_sentiment_only,4,1.0,46,,"One star is generous. Awful, rude ""service"". Disgusting floors. Dirty tables. Ineffective, apathetic, rude manager. We never even got food and I'm glad because by the looks of the place, chances are you're bound to get sick. Metro Diner, just down 86th is fantastic. Go there."
FP,235,illness_mentioned_not_caused_here,illness_mentioned_not_caused_here,1,1.0,45,,I ordered the hangover and no where on the menu does it say anything about onion I got the sandwich and it was full of onions I'm highly allergic that's something you might want to put on your menu for people that have food allergies..
FP,242,illness_mentioned_not_caused_here,illness_mentioned_not_caused_here,1,1.0,208,,"This used to be one of my favorite places when I came home from college. I've always enjoyed their food, however the service tonight was bad enough that I would not come back and I will no longer recommend it to people. After asking the waiter if he could switch the corn tortillas to a flour tortilla because I am highly allergic to corn, he responded they don't have any flour tortillas. After spot"
FP,250,unpleasant_not_unsafe,unpleasant_not_unsafe|generic_complaint_no_hazard,2,1.0,430,,"This place suffers from all the typical symptoms of a poorly run business. First of all, if your pizza isn't undercooked, it's probably bland as hell. They messed up my order the first time, so I gave them a second change and the service was incredibly bad. Imagine a bunch of high school kids who haven't the foggiest idea of food safety or professionalism what so ever. Here are some clues : 1. You"
FP,258,illness_mentioned_not_caused_here,illness_mentioned_not_caused_here,1,2.0,114,,"I had a poor experience. I walked up to the counter and told them that I had a gluten allergy. They questioned making my food ""off the line"". I order a pizza with herb butter, grilled chicken and peppers. I watch the gentleman putting my pizza together grab butter right of the line full and a flour covered area. I had to asked three times for a manager before getting one to help me. The manager in"
FP,265,unpleasant_not_unsafe,unpleasant_not_unsafe|generic_complaint_no_hazard,2,3.0,602,,"I wish there were half stars, because the El dorado's buffet is definitely more of a 3.5 star. Everytime we are in Reno, this is our go to buffet . It's generally very good and consistent. However, this last visit of ours (last weekend) has somewhat changed my mind unfortunately. We ate at the buffet for the Friday night seafood extravaganza and then breakfast on Sunday morning. For both, service "
FP,285,illness_mentioned_not_caused_here,illness_mentioned_not_caused_here,1,1.0,205,,"When it comes to food allergies, this establishment is extremely unprofessional and lacking compassion. Our daughter has a severe egg allergy. When inquiring if any items are egg free, three uncertain employee's initial response was ""let's just go with a no."" My wife explained we've eaten here before and our daughter was able to eat some things off the menu. Then, the response was changed to ""you "
FP,287,neutral_allergen_mention,neutral_allergen_mention|illness_mentioned_not_caused_here,2,3.0,167,,"It wasn't great but it wasn't bad. The food was good. I had a ham and cheese griller so you really can't mess that up. My mom had a club and my sister had a wrap. The wrap had honey mustard even though my sister said ""no honey mustard"". But I don't know if I can blame the cook or the waitress. Our waitress wasn't the greatest. She was a little slow and when we asked her what the soup of the day wa"
FP,290,illness_mentioned_not_caused_here,illness_mentioned_not_caused_here,1,1.0,61,,"Not impressed, as someone who has food allergies, their disclaimer ""don't bother eating, please only drink"" on the menu, was perceived to me as rude. I eat out a lot, have a nut allergy and have never had problem with restaurants being more than willing to accommodate. I was excited to try the fish tacos...but I guess that won't be happening."
FP,291,hypothetical_or_speculative,hypothetical_or_speculative|illness_mentioned_not_caused_here,2,3.0,140,,"Went to this Applebee's location with my girlfriend on 10/10/14 and it was ok. We ordered the 2 for 20 specials. I got the chicken penne and she got the steak. We both had mozzarella sticks with the order and both enjoyed it. When our food came it was different. I enjoyed my penne but her steak was rare, when she asked for a medium. Not only that but her ""steamed"" broccoli was hard as a rock, howe"
FP,292,illness_mentioned_not_caused_here,illness_mentioned_not_caused_here,1,1.0,327,,"This review is based solely on the customer service provided by the owner Joel ... In early March my family was celebrating my son's 3rd birthday and to keep it simple we ordered pizza and wings from Joel's. My husband picked up the food and when he got home, we noticed they forgot all of the wings we ordered (20). I called that evening and the girl on the phone told me she was sorry and I would b"
FP,299,illness_mentioned_not_caused_here,illness_mentioned_not_caused_here,1,3.0,411,,"I think this place has a lot of potential, but the food is really hit-or-miss right now. Either it's really interesting and tasty or boring and blah. We've been here twice - once for take out at dinner time and once for lunch. It's important to note that while it's called The Local Taco, these aren't really Tex-Mex or Mex style tacos, they're sort of ""high concept"" tacos, really more like low carb"
FP,305,illness_mentioned_not_caused_here,illness_mentioned_not_caused_here|strong_negative_sentiment_only,2,1.0,173,,"I will never buy anything from this business after the way I was treated by their female employee. After walking around the French Market shopping for a few hours in the heat of New Orleans in July sick with a sore throat and head ache, I sat down at their counter for a moment while waiting for my father in law to finish purchasing something from the stand across from them. The worker literally sc"
FP,312,illness_mentioned_not_caused_here,illness_mentioned_not_caused_here|strong_negative_sentiment_only,2,1.0,110,,"I come to this Mcdonald's because it's closest to where I live and I always have an awful experience. Today, it took over 15 minutes to get my food after ordering at the drive thru. Then, when they finally brought out the food, it was completely the wrong order. They then brought out the ""correct"" order, which was still the wrong thing. By that time, I was sick of waiting and knew that the chances"
FP,313,unexplained_fp,unexplained_fp,1,2.0,138,,"I stopped in yesterday to ODB's new location after a procedure @ Cottage Hospital. I wasn't allowed to eat a day prior to procedure so I was hungry. Nurse told me ODB is now close by. Oh goodie! When I placed my order ~Cubano sandwich, with wheat&walnut, cranberry bread.....only that (my favorite) bread was not available. iI almost walked out. I should have. It took f o r e v e r to get my sandwic"
FP,321,unexplained_fp,unexplained_fp,1,2.0,152,,"I'm not sure about the 3 1/2 star reviews I found on here. We had Sunday brunch, which wasn't overly impressive, but we went back for dinner because we had Comp points to spend. Dinner was essentially the same menu as brunch. Nothing wowed me, except for the wonderful service. Meat was all pretty dry at the carving station. The selection itself was fairly underwhelming, and it seemed to be more li"
FP,349,neutral_allergen_mention,neutral_allergen_mention|secondhand_or_hearsay|illness_mentioned_not_caused_here|strong_negative_sentiment_only,4,1.0,456,,"OK, I'm going to be Debbie Downer. Awful coffee. Just awful. Maybe that's not fair. I have yet to sample all of their fare, and perhaps it's a bad idea to fit them into the mold that Mugshots (which was gone before I arrived in Manayunk) occupied. But in the end, they call themselves a cafe, which translates into a coffee shop, moved into the location of a former coffee shop and they include baked"
FP,351,illness_mentioned_not_caused_here,illness_mentioned_not_caused_here,1,2.0,176,,"I enjoy little burger spots from time so I thought I would give Elevation a try. Granted, the place on a weekend night was mobbed it was almost too packed to find a seat as I waited for my take out burgers. Once I got the burgers home, I was flipp'n angry that the fries and burgers were soaked in oil! what the heck is that about?!? The fries were soggy and the burger was terrible. As for the organ"
FP,354,illness_mentioned_not_caused_here,illness_mentioned_not_caused_here,1,2.0,318,,"I originally gave this place four stars and a great review, but that was because I had only experienced this place one time and now I've changed my mind. I just ordered a pizza from Empire and they said they are currently out of cheese and can't make my one pizza. HTF do you run out of cheese at 6 PM when you're a pizza place? I understand there's a Cardinals game on tonight, but management is sup"
FP,355,unexplained_fp,unexplained_fp,1,2.0,61,,"We came here deciding to order some pizzas to go while in Bryn Mawr. It had the best reviews near the hospital so we tried it out. Their specialty pizzas interested us. The dough was hard as a rock. Not what we expected from the ""best pizza."" Don't bother If you want a real pizza with good dough and fresh ingredients."
FP,369,illness_mentioned_not_caused_here,illness_mentioned_not_caused_here,1,1.0,135,,"My partner heard they were supposed to be good but this was awful for us. He called ahead to see if they could do no onions, guy on the phone said he could so we went there. Get there and they sit us at a table with a family already eating. Weird but I'll give it a chance. Waitress gives us menus and leaves for a good 10 minutes at least. Comes back and asks what we want. Go to order and she says "
FP,392,neutral_allergen_mention,neutral_allergen_mention|illness_mentioned_not_caused_here,2,2.0,101,,"To be honest, I was disappointed. My dining companion and I both felt the same: ho-hum food, nothing to write home about, and a little overpriced for what it is. I appreciate that they have allergy information on the menu, so I'll give them that, and the atmosphere isn't bad, but when it comes to the food, it's not a place I'd revisit. I had the salmon (which was overcooked and underwhelming), and"
FP,400,negated_hazard,negated_hazard|illness_mentioned_not_caused_here,2,2.0,231,,"You know there is a problem, when you find yourself writing a Yelp review while still eating your take-out food. I ordered 3 things. My description is as follows: Duck Fried Rice, Medium Spice: Bland. I'm talking...Midwest, old white people bland. If there is a single flake of pepper, I'll find out. I ordered Medium, kind of on a dare to myself...and, I haven't found the spice yet. The duck is lai"
FP,408,illness_mentioned_not_caused_here,illness_mentioned_not_caused_here,1,3.0,140,,"No Wifi. But the air conditioning is works ng overtime. I figured I'd grab a quick salad; got out to lunch late. Although their place is rather quiet, I'm sitting and waiting to order. The pace is a problem at lunchtime when I want to be out of here in 40 minutes. I used to love this location. CoCo and Candace were always on their toes and understood food-allergy requests. They didn't ( obviously)"
FP,410,neutral_allergen_mention,neutral_allergen_mention|illness_mentioned_not_caused_here,2,2.0,208,,"I had heard good things about Sage, so I took my Mom here for lunch when she was in town. She is allergic to gluten and Sage was supposed to be ""Gluten Free Friendly"". The server was clueless and said they didn't actually have a printout of what was gluten free. She went and asked the chef who suggested the grilled chicken wrap on special could be made gluten free. It took 45 minutes to get her no"
FP,415,illness_mentioned_not_caused_here,illness_mentioned_not_caused_here,1,2.0,198,,"The food is delicious, but over priced. The service is awful, but....actually, no...that's really all there is to say about the service. It's absolutely horrendous. Working nearby, there aren't all that many options for a decent meal in walking distance. Bridgewater's is a last resort type of place for us, for when we are absolutely sick of everything else. More so, we need to make sure that we do"
FP,427,illness_mentioned_not_caused_here,illness_mentioned_not_caused_here,1,2.0,77,,"The vibe and food was exactly what we were looking for with two kids -- 1970s style, decent Italian food with a kids menu. The service was atrocious. Without exaggeration, over two hours to get food when we had kids at the table, and the waiter looked like a deer in headlights. It. Yay have been an off night for them -- maybe some folks called out sick? Based on this experience I would not go back"
FP,432,negated_hazard,negated_hazard,1,3.0,377,,"I liked my food, but it was nothing too special and of course I'm going to tell you why! They have these crackers with seeds (as I like to call them, they're actually lavash), garlic scented cheese whiz (I honestly think this is what it is, pressed into a little cup), and butter waiting for you at the table when you arrive. I actually like that part b/c I like to eat before I eat. I always seem to"
FP,458,unpleasant_not_unsafe,unpleasant_not_unsafe|strong_negative_sentiment_only,2,2.0,53,,Pretty gross. Waitress was dull and indifferent. It took her forever to bring us our food and the place was dead. Maybe cause she was chatting with people instead of checking on our food. Then the food came and it was disgusting and soggy looking. It makes me sick just thinking about it.
FP,463,unexplained_fp,unexplained_fp,1,2.0,129,,"This place has a very good chicken cheesesteak wrap, but if you are delivering be cautious of the roof delivery guy. I've had two encounters with the same guy and he is rude. The first time he was impatient, when I work at a hospital and was trying to meet him in the lobby. The second time he shoved the bag in my had since I told him to come inside instead of me going outside for the food . That i"
FP,493,negated_hazard,negated_hazard|hypothetical_or_speculative|illness_mentioned_not_caused_here,3,1.0,105,,"Maybe the pizza is good? Had delivery of classic lasagna, where's the meat? Marsala was the second dish and never saw anything so small! Ordered the Italian wedding soup. NOT ANY meat in two bowls. The meals arrived COLD after a 45 minute eta and it actually arrived eighty minutes after ordering. This is the first time I've ever given a bad review but feel like $35 including tip was extremely high"
FP,496,negated_hazard,negated_hazard|hypothetical_or_speculative|illness_mentioned_not_caused_here|strong_negative_sentiment_only,4,2.0,109,,"I can probably eat sushi everyday and never get sick of it, but I don't cus I'll probably get sick from mercury poisoning and it aint cheap, man. Here, the only thing cheap is the quality of the food. I mean, I get the concept of the fast-food sushi place, but at least be fair and match your prices to the quality. Sashimi is expectedly not fresh. Even the veggies in my salmon bowl were a mushy mes"
FP,508,illness_mentioned_not_caused_here,illness_mentioned_not_caused_here|strong_negative_sentiment_only,2,3.0,41,,Nashville just doesn't have good sushi but this is ok. They accommodate my daughter's fish allergy. Very friendly and quick service. Parking can be a pain but we try to avoid peak times. I recommend yum yum and the veggie rolls.
FP,519,unexplained_fp,unexplained_fp,1,2.0,150,,"The view was good (and similar to one I had just seen from a hospital room), the food was good (restaurant week portions) but be careful with the service....the reservation requires a deposit which is kinda unusual but the worse part was our waiter decided to double his tip. We had a gift card and told him to give himself a $40 tip but he decided to process it as $80 and then we were given the bal"
FP,524,illness_mentioned_not_caused_here,illness_mentioned_not_caused_here,1,2.0,71,,Are there better burger joints in Philadelphia? Yes there are. One good item is that they have REAL SODA - and not that high fructose corn syrup crap that turns you into a fat whale. Warning - hipsters flock here so if you are allergic to flannel and to irony then avoid it at all costs. Also the music is too loud. Do you really need to play Slayer that loud?
FP,526,illness_mentioned_not_caused_here,illness_mentioned_not_caused_here|unpleasant_not_unsafe|strong_negative_sentiment_only,3,2.0,35,,Nothing special. Average. Food is plain and boring. Decent atmosphere. The staff is mostly teenagers. Had a salad and the French onion soup was disgusting. I'm sick to my stomach leaving. Over priced diner food.
FP,532,unexplained_fp,unexplained_fp,1,1.0,164,,I am in the hospital and wanted chinese food delivered. First thing I asked was if they would deliver to a hospital. I explained that the driver would need to come up to the room since no one was available to meet them downstairs. The driver left the food with a random guy whom she claims was a security guard. She put him on the phone to verify I ordered chinese food and left. My order was placed 
FP,539,illness_mentioned_not_caused_here,illness_mentioned_not_caused_here,1,2.0,237,,"Let's start by saying I normally love Ruth's Chris. I've used to live in Baltimore and must have gone to that one more than 20 times. We moved to Philly last year and my wife decided to surprise me for my birthday and take me there. Unfortunately, they sat us right near the bathroom on what must be the smallest table in the house. We tried to get over it and enjoy our meal. Unfortunately, our wait"
FP,551,illness_mentioned_not_caused_here,illness_mentioned_not_caused_here,1,1.0,191,,We went on a Saturday night with a group of 40 that had reservations several days ahead of time. We went with a group of gymnasistcs competitors and parents. We were seated in a our own banquet room at about 645. The gymnasistcs team was served their food at 7 as they had previously ordered in advance. There was a table of 12 of us that didn't order until after 8 and got our food after nine. The p
FP,553,unexplained_fp,unexplained_fp,1,2.0,265,,"I went here over the weekend with my family. I do not consider myself a picky eater, but there was nothing particular that stood out to me on the main menu. I ended up getting two appetizers as my meal. I got the Duck Eggrolls and the Scallops. I wasn't a fan of the duck rolls since the goat cheese really overpowered the flavor of the duck. The scallops were cooked perfectly, but I was left feelin"
FP,559,negated_hazard,negated_hazard|illness_mentioned_not_caused_here,2,3.0,111,,"GREAT IDEA, not the best execution. Sushi is mediocre. I am NOT saying you will get sick, it's just not ""flavor explosion"" amazing ""art"" that you would expect from sushi that costs this much. I sat and waited and waited and waited (waiter came by a FEW times) and waited some more before I found something that really sparked my interest. Unfortunately, other people felt the same way and nabbed my d"
FP,567,illness_mentioned_not_caused_here,illness_mentioned_not_caused_here|strong_negative_sentiment_only,2,3.0,54,,I love the low carb bagels. I just ordered $60.00 worth of them! Postage is outrageous! But now I read that it's a scam. The low carb bread products are very much high carb. What is this! I feel sick about it. I read it from the Diet Dr. and someone else. What gives?
FP,585,negated_hazard,negated_hazard,1,1.0,60,,We are here for lunch and the food was no better the hospital food. My husband got the fish and it was thin and very dry. I got the a dinner That was bad as well! They were kind enough to take the price of my husbands meal off the ticket. For that I give the people a 4 star.
FP,590,unexplained_fp,unexplained_fp,1,2.0,288,,"First let me start by saying I came down with Norovirus this week, aka the stomach flu... Holy miserable. The only thing I needed was something to make my hurling stop... Last night, I decided to go to this pharmacy to get some Emetrol. I get to the store about 910pm still feeling horrible but, hey, I can hold it together for the time it takes to get some medicine. I find what I need and go to che"
FP,606,neutral_allergen_mention,neutral_allergen_mention|secondhand_or_hearsay|generic_complaint_no_hazard,3,3.0,488,,"I don't really have fond memories of the Old Spaghetti Factory growing up, so I wasn't particularly nostalgic when I heard one had opened up in Carmel. Hubby was excited though and did ask to go here for dinner a few times, so we finally went for date night. I did enjoy the interior decorating that is apparently a theme at all of their restaurants. I liked the big trolley car in the middle of the "
FP,616,negated_hazard,negated_hazard|illness_mentioned_not_caused_here,2,2.0,157,,We went in for lunch last week food was good but the girl helping us was very rude! I asked what the seasoned chicken was seasoned with she looked at me like I had three heads and said she did not know and that people never ask. Looked at her coworker and they both looked lost! How do you either not know because you where not trained right or never asked!! People do have food allergy and you shoul
FP,623,negated_hazard,negated_hazard|illness_mentioned_not_caused_here|unpleasant_not_unsafe|strong_negative_sentiment_only,4,1.0,51,,So nasty. The food is like...the crappiest sushi could be. I came because I was enticed by how cheap it was but omg. I couldn't eat more than one piece because it was so gross. I'm surprised it didn't get me sick. Don't do it!!!! Go anywhere else. Repulsion is imminent.
FP,627,illness_mentioned_not_caused_here,illness_mentioned_not_caused_here|strong_negative_sentiment_only,2,1.0,101,,"Every time I set foot into brew brothers I have an overwhelming urge to leave. This place has one of the most horrendous atmospheres of all time. If I have the ability to keep myself as far away as possible, I absolutely will. Go to this bar if you have an affinity for: Being a sick bro Fraternities Mediocre Microbrews Lifted Trucks Backwards fitted hats Popped polo Collars Date Rape Tribal armban"
FP,636,unexplained_fp,unexplained_fp,1,1.0,59,,"You don't accept cash? I don't think you grasp the ramifications of such a corpo-fascist economic principle. No room for arrogant commies in my diet thank you so very very little. Can't wait to see this place nosedive For anyone in the dark about this policy, watch Mike Judge's film, Idiocracy. Pay close attention throughout the hospital scene. ""Unscannable!!!"""
FP,640,negated_hazard,negated_hazard|illness_mentioned_not_caused_here,2,2.0,159,,"Points for the hostess being super friendly and our waiter trying to be friendly (though it seemed to be very difficult for him) and my entree was delicious. I had the lemon pepper shrimp, which was very tasty and very buttery, so I was bemoaning fate while I ate. After noticing all of the salads had romaine lettuce (seriously? why can't a sister get some arugula?!), I began getting the feeling th"
FP,645,unexplained_fp,unexplained_fp,1,1.0,85,,"We ordered delivery because I'm sick at home. For $12 carnitas that was supposed to come with cilantro, onion and salsa, non of these was included. they came with only a little bit of meat in two taco shells and tasted unseasoned. My pork shoulder was very chewy and was supposed to come with pickles but didn't. The beans, potato salad, and coleslaw were all filled less than half way. Only good thi"
FP,651,negated_hazard,negated_hazard|generic_complaint_no_hazard,2,1.0,69,,"LAZINESS AND DISRESPECT , this was my first thought when I walked into this place. The manager and the rest of the employees don't care if you bring business there! To the owners-owner: The manager has no knowledge about cross contamination and how the food is prepared!!! You needs to take a bold decision about management and training! Money is not an end in itself but just a tool."
FP,663,illness_mentioned_not_caused_here,illness_mentioned_not_caused_here,1,2.0,228,,"I really wanted to like this place...from all the write ups, I was definitely expecting to. But I wonder if everyone was at a different restaurant? Our service was slow, slow, slow. I realize that there is a slower pace here in the South, and that's fantastic, but this was unacceptable. And our server made it known several times over that he wasn't from here. It took about 20 minutes for us to get"
FP,664,illness_mentioned_not_caused_here,illness_mentioned_not_caused_here|unpleasant_not_unsafe|strong_negative_sentiment_only,3,1.0,34,,"I would've gave them 1 star if it wasn't required..... Nasty Rewarmed Gritz, Dirty waffle makers...... I'm sick Of'em...... this eatery hasn't been up to par since the first day they opened the doors"
FP,672,neutral_allergen_mention,neutral_allergen_mention|negated_hazard|illness_mentioned_not_caused_here,3,2.0,93,,I went to this particular location to try out the product. The quesadilla I ordered was the far-east quesadilla. I asked the young man if I could get it with no onions he said yes. I got the quesadilla / rap which is what I was served and one of had onions. I I ordered without onions because I'm allergic to onions. I also asked the young man if it came with teriyaki and he said it did. It didn't I
FP,678,illness_mentioned_not_caused_here,illness_mentioned_not_caused_here,1,1.0,80,,"Had a family member with a severe food allergy in the party and two servers gave her conflicting information on the same dish. We asked for the owner over to verify the dish, and he treated us with the utmost disrespect. When we decided to leave, he called out after us that we were full of sh-t. There are too many breakfast places in Nashville to stomach such apalling service from the owner himsel"
FP,684,illness_mentioned_not_caused_here,illness_mentioned_not_caused_here,1,2.0,297,,"Another place we haven't been to in years. We almost did a few months ago, but wait times were loong. So tonight, we made our reservation for 3. We were told 10-15 minutes, we were on our way and got there 7pm,but it was actually 715pm, 725pm, we asked,were told that the table was reserved, which turned out to be us! Um... We were seated with another 3 with one with dairy allergy (no butter), you "
FP,685,neutral_allergen_mention,neutral_allergen_mention|negated_hazard|generic_complaint_no_hazard,3,3.0,322,,I had spent a fair amount of time for just the right place to have lunch when coming to visit Chadds Ford for the weekend. Upon our entering Nudy's the smell was intoxicating! I was sure I was going to get some good down home cooking! The menu was full of choices. My partner and I had trouble making up our minds. Nudy's serves breakfast and lunch. Being gluten intolerant I was pleasantly surprised
FP,692,illness_mentioned_not_caused_here,illness_mentioned_not_caused_here,1,1.0,228,,"Totally disrespected at this restaurant this evening!!! JDs Restaurant & Lounge. I came in for some dinner. Sat at the bar because I was by myself. Asked if it was okay to sit at the bar and eat dinner. The bartender/server said it was okay. I ordered the Most expensive meal they offered, King Crab legs dinner. Along with my dinner, I ordered ice water with lemon. While waiting for my meal, an eld"
FP,694,illness_mentioned_not_caused_here,illness_mentioned_not_caused_here|strong_negative_sentiment_only,2,2.0,283,,"My family and I came here after a long day. 6 adults and 3 children. When we walked in the door we were unsure whether or not we should seat ourselves. Several employees made eye contact with us and said nothing, so we seated ourselves. We did not get acknowledged for ten more minutes. If not for the kids and the fact that we were starving we would have left by this point. We ordered and the serve"
FP,707,neutral_allergen_mention,neutral_allergen_mention|strong_negative_sentiment_only|generic_complaint_no_hazard,3,3.0,69,,Food was tasty but I was very disappointed that Yelp had them on the list of gluten free pancakes and they DO NOT have GLUTEN FREE pancakes. If I would have stood in the long line that is usually here I would have been pissed. Yelp needs to change their information so those with Celiac who are craving pancakes won't be crying in their eggs like I am now.
FP,716,illness_mentioned_not_caused_here,illness_mentioned_not_caused_here,1,3.0,49,,Awesome service great food...perfect for a date or just a night out with friends. Back for another night and I asked if I could substitute a side dish which I wad allergic to and was told no. Not really happy about that. I thought this was about customer service.
FP,723,illness_mentioned_not_caused_here,illness_mentioned_not_caused_here,1,1.0,279,,Absolutely terrible. We had a larger table of 8 and went on a Saturday night. The food was overpriced and not good. One in our party ordered the salmon and she asked for it to be cooked thoroughly in addition without prawns as this is an allergy. When the fish came it wasn't and it had no flavour and had the prawns. She then asked for it to be done again. They came back again with the wrong order.
FP,730,generic_complaint_no_hazard,generic_complaint_no_hazard,1,1.0,428,,"Unfortunately, Yelp requires placement of at least one star, in order to post a review, but, this restaurant does not rate that high. I, and my friends and family visited this restaurant this evening. We were disappointed in the food ordered, but more importantly, we were absolutely shocked at the behavior of the owner. I was served a dish I did not order. I did ask the server about this, and she "
FP,736,illness_mentioned_not_caused_here,illness_mentioned_not_caused_here,1,3.0,383,,"This place has the potential to be a 4-star place, but isn't quite there yet. We ate dinner last night during Jammin on Julia, and for one thing, this is a VAST improvement over Foodies at the same location. That place seemed to be allergic to flavor. The decor and service was very nice I thought. While I would have been happier had the final four been on TV (rather than cheerleading and high scho"
FP,745,unexplained_fp,unexplained_fp,1,3.0,217,,"I was in the area with a family member in the local hospital. The reviews drew me in. Things started off okay with a friendly server. I ordered a tall gin and tonic and when it arrived it seemed a bit strong (more on that later). I perused the expansive menu and selected a grilled cheese which included short rib, but learned they had sold out of short run earlier. I then selected the Cowboy, but a"
FP,751,unexplained_fp,unexplained_fp,1,2.0,355,,"Okay. I'm going to try and keep this simple: For a hotel of this size, nameplate and cost per room this hotel is a complete failure. Approaching the hotel, it looks pretty modern and nice. It's next to what seems like a high-end mall for the WASPy suburbanite inside of you but if you don't use the valet, you have to drive around to the back B-level entrance where you get all the charm of a hospita"
FP,768,illness_mentioned_not_caused_here,illness_mentioned_not_caused_here,1,3.0,232,,"When I was reading reviews for this joint it says for ""Just about anything..."" so I thought that they would have some sort of all day menu so they can serve just about anything at anytime of day. It was our last day in the Clearwater Beach area and my son developed some sort or allergy from insect bites so we took him to urgent care. As a result we did not get to Kelly's until 3:00 PM. When they h"
FP,775,neutral_allergen_mention,neutral_allergen_mention|illness_mentioned_not_caused_here|strong_negative_sentiment_only,3,2.0,58,,"Disappointing experience on most levels. Unfriendly service, poor food quality, slim amenities, did not feel hospitable whatsoever. Was very disappointed with quality of food at room service and the lack of any basic amenities in lobby like bottled water snacks etc. menus were limited and not food allergy friendly in any way. Staff treated me like an annoyance."
FP,781,illness_mentioned_not_caused_here,illness_mentioned_not_caused_here|unpleasant_not_unsafe,2,2.0,123,,"My husband and I used to be big fans, but some portion sizes have decreased (the prices have stayed the same or gone up). That wouldn't matter so much if the staff were nicer. Twice in person and now just last week over the phone we've received some of the rudest treatment we've ever had in food service, just for calling in with questions about buying a hazelnut dessert for someone with an allergy"
FP,803,neutral_allergen_mention,neutral_allergen_mention|illness_mentioned_not_caused_here,2,2.0,336,,"Food was fantastic, but everything else needs improvement. I walked into this restaurant to half of the tables unoccupied but was told that the wait was 45 minutes unless I wanted to sit at the bar. Seeing that I was dining alone, I opted for the bar. Sitting and looking around, it was clear that the tables were unoccupied because they were all a mess. It quickly became evident that this restauran"
FP,825,illness_mentioned_not_caused_here,illness_mentioned_not_caused_here,1,1.0,139,,"Oh boy, where to begin? Sat and ignored. Poor to very poor attention given on a Monday night. Was our waitress sick? 45 minute wait for appetizers which arrived at the same time as the meal. This even though we ordered the appetizer 30 minutes earlier? We asked that the meal not be served at the same time but out waitress just mumbled something about her manager told her she has to serve the food "
FP,837,illness_mentioned_not_caused_here,illness_mentioned_not_caused_here,1,2.0,241,,People tend to rave about Joe's formerly known as Chinks however I am not nor have I ever been a big fan of their steak sandwiches. There are definitely other places in the city I choose to go to before ever choosing Joe's. I don't like the fact that everything is pretty much cooked together regardless of your order. I absolutely HATE onions and every time I have had a sandwich from there that's a
FP,845,illness_mentioned_not_caused_here,illness_mentioned_not_caused_here,1,3.0,55,,"Like jamba juice without a blender for the trophy wife that's hard pressed on time and doesnt want to miss her private yoga appointment. the bowls are good if you're rich, cant be bothered, and allergic of gluten or whatever the next trendy thing to avoid is. she probably didnt vaccinate her children either. ugh."
FP,852,illness_mentioned_not_caused_here,illness_mentioned_not_caused_here,1,3.0,53,,Very very busy when I was there...stopped in for one and left good bartender once I got his attention .... only one bartender on a Sunday in 30th Street Station ???? REALLY????? I'm not slamming the bartender just who ever scheduled one bartender on a Sunday (or the bartender that called out sick)
FP,862,illness_mentioned_not_caused_here,illness_mentioned_not_caused_here,1,3.0,119,,"I want to like Five Guys more than I do. I want to give it a higher rating. The burgers are quite tasty but there are some serious flaws: * Too expensive. Seriously. A small burger and small fries shouldn't cost me $8 * Speaking of the fries, they are salty. Very salty. Almost too salty to be edible. But ever for those flaws there's still a lot of good there. They have tons of toppings, all of whi"
FP,863,negated_hazard,negated_hazard|illness_mentioned_not_caused_here,2,3.0,251,,This place is really nice. I enjoyed it a lot. The food was up to par and the price was decent for the amount of food you are getting. The only thing that ticked me off was their service. We had a rude waiter who constantly was talking to a group of girls across our table and when we needed refills on our drinks it took him 20 minutes for him to notice. He was so rude that another waitress had to 
FP,864,illness_mentioned_not_caused_here,illness_mentioned_not_caused_here,1,2.0,108,,"This was my least favorite place we visited for brunch. The service was not up to par. The food was good, but what left me confused was the hostess asking about any allergies. I have a tree nut allergy so I thought ""oh cool, how thoughtful was that!?"" When I ordered a $12 dessert that was not labeled correctly I wasn't able to eat it because it had Nutella in it. Luckily, the people at my table wa"
FP,868,unexplained_fp,unexplained_fp,1,2.0,198,,I have been a long time customer for almost 3 years now. The food is good and it's location is key for hospital employees. the service has been in great decline. On two separate occasions they had messed up my order. When I called to inform them of their error i was met with bluntness and an unapologetic attitude. I had order a buffalo chicken pita wrap (best thing on the menu) and received a chic
FP,889,secondhand_or_hearsay,secondhand_or_hearsay|illness_mentioned_not_caused_here,2,3.0,190,,"Sound quality was pretty good and we were within a few feet of the stage for the Brandi Carlile concert (which was A+, 10 stars! but that's a separate issue from the venue). Definitely a marginally sketchy area and entry is via back alley. Everybody had to exit via literally a single door, the others were blocked/closed. Hate to be in there if there were one of those nightclub fires that happen ev"
FP,902,illness_mentioned_not_caused_here,illness_mentioned_not_caused_here,1,1.0,48,,They will be out of business soon. Workers as slow as melasses. Unhas to tell her to change gloves after handling money and before doing my salad. I hope no one with a egg allergy comes here. Extremely overpriced. No wonder they are empty on a busy day.
FP,916,illness_mentioned_not_caused_here,illness_mentioned_not_caused_here,1,2.0,183,,"If your going to see a concert and planning on drinking, I HIGHLY recommend pre gaming it somewhere else. Their drink prices are absolutely absurd! You would think paying 7-10 for a 2 ingredient drink it would at least be a good one. NOPE! You can barely taste the alcohol. They don't allow smoking inside so that's nice, but the place is a tiny little hole in the wall. I've been to two shows so far"
FP,919,neutral_allergen_mention,neutral_allergen_mention|illness_mentioned_not_caused_here,2,3.0,213,,Sometimes you just crave a fried seafood meal instead of all of the healthier alternatives! I arrived right at lunch time and was greeted with a smile . The server asked if i liked the table she suggested before seating me and i thought that was very nice. I immediately was asked what i wanted to drink and was promptly brought an iced tea. The unsweetened ice tea tasted sour. (I have this theory t
FP,924,unexplained_fp,unexplained_fp,1,1.0,294,,"Paradise is always such a disappointment. I don't know why we keep visiting. I think I've convinced myself that if I try something new I might like it. But no. That doesn't happen, ever. The food is absolutely terrible. Bland, boring, almost like a bunch of incomplete thoughts. Their shrimp and spinach salad is comparable to hospital food. The eggplant sandwich is inedible and not what someone who"
FP,931,negated_hazard,negated_hazard,1,1.0,265,,"I visited here recently and was not impressed by their sushi or their service. We were sat and promptly asked what we'd like to drink and it was brought quickly. After that, we sat at the bar for a few minutes and then the chef asked what we'd like. We ordered and the food came out in a reasonable amount of time. The presentation was lacking in flair and it looked very lazily put together. The fla"
FP,932,unexplained_fp,unexplained_fp,1,2.0,109,,I love Dierbergs!!!!!!!!!!! I do not love this location. I usually try to avoid Tesson as much as possible. It is a busy road in front of a hospital and i am not sure if anyone is mentally fit enough to drive there. i almost always come close to getting slammed into by some one not paying attention to what they are doing. today in the parking lot alone a lady waited til i was out of my car to pull
FP,947,neutral_allergen_mention,neutral_allergen_mention|illness_mentioned_not_caused_here,2,3.0,232,,"We just went here tonight. We were excited to go here as we just recently moved to Tampa. Unfortunately, something we hadn't realized while reading the reviews, is that the all you can eat sushi deal is ONLY during lunch. That's the only reason we went there and when we found out it was only for lunch we nearly left. Unfortunately, we stayed... We ordered 2 rolls each plus two pieces of sushi each"
FP,960,unexplained_fp,unexplained_fp,1,1.0,105,,"The ""flagship"" Wawa is a joke. It's always filthy, they're always out of various items, and it's attracted a very shady crowd (thank god there's always cops here). Homeless people and ""One Step Away newspaper"" are always right outside ready to bother you for your change. I've actually been insulted by one of the homeless men after I wouldn't engage him when he bothered me (he actually wasn't askin"
FP,961,secondhand_or_hearsay,secondhand_or_hearsay|illness_mentioned_not_caused_here,2,3.0,108,,"This place is pretty good but... if you like onions on your pizza be ready for a rude surprise- this place refuses to use onions (apparently someone there is allergic to onions... weird choice in work if that's your allergy). If you absolutely hate/ allergic to onions, this place is the prime pizza spot for you. Also, bare in mind, they tend to be ambiguous about what dishes have meat or not so, i"
FP,963,negated_hazard,negated_hazard|illness_mentioned_not_caused_here,2,3.0,60,,"This place was a fun spot to post up for dinner - fun dinner/party vibe-- BYOB too and amazing plating! Only downside is that the sushi was sub-par.. Didn't get sick or anything just not memorable. Everything is also ""crunchy"".. I hate that. Suffocating the fish in tempura crunch is like their thing- if you dig tempura you'll love it."
FP,971,unexplained_fp,unexplained_fp,1,3.0,74,,"The hostess/manager was polite and was able to seat us fast. The place felt a little hospital-ish. It was very bright and all white tile. The oysters were good, and came quickly. The po-boys and shrimp and grits were both good. We went here, as all the other places on Bourbon Street had long lines. We'd probably go there again, under similar circumstances. Not a memorable dinner, rather a quick an"
FP,975,unexplained_fp,unexplained_fp,1,3.0,117,,"The line is long and the service was bad. The person who I ordered with forgot my order so my friends finished half of their custard before I got to mine and she was rude about it. I don't truly understand the appeal of it all. It's just vanilla frozen custard with stuff mixed into it. I would prefer just a good old scoop of normal ice cream, but in the end it did fulfill my craving for something "
FP,978,negated_hazard,negated_hazard,1,2.0,80,,"I could not improve on Cindy Xs review below. Had no choice cause I was staying at the hotel across the street and followed a group here. Never would have entered on my own. It's in perhaps the saddest shopping center I've ever seen. On the plus side service was decent, beer was good, and we didn't get food poisoning. They attempted to accommodate one persons gluten allergy, but thought gluten was"
FP,981,illness_mentioned_not_caused_here,illness_mentioned_not_caused_here,1,1.0,89,,I waited 10 mins in line because the person in front of us was charged incorrectly and the person at the register couldn't figure it out. We finally are free to start ordering and the same person who couldn't figure out the incorrect transaction.. Nodded out while taking my order... She was out more than 30 seconds!!! She woke up and said wow I'm really tired.. Sorry. NO YOU ARE HIGH AND YOU ARE L
FP,985,negated_hazard,negated_hazard|illness_mentioned_not_caused_here|strong_negative_sentiment_only,3,1.0,49,,"Very rude. When I asked for no wasabi, they just wiped it off the fish and sent it back. Since I just don't like wasabi and am not allergic, I just ate it. But then they charged for a new order. Even though they gave me the same fish."
FP,998,negated_hazard,negated_hazard|illness_mentioned_not_caused_here,2,2.0,276,,"5 stars for Old City but the service was horrible at this spot on the day that i went. I'm not a student, so i wonder if they are sick and tired of students going and so treat everyone like A-Holes? The service was very slow which is unheard of any time i go. They forgot parts of the order and then tried to bring it at the end, charged us, when we had pretty much finished eating, and were boxing t"
FP,1002,negated_hazard,negated_hazard|illness_mentioned_not_caused_here,2,3.0,43,,"Hole in wall, convenience store. No bathroom, which is scary. Sandwich was good, a bit on the sweet side due to the signature garlic butter. I did not get sick, but I was a little worried it may happen. Cheap, good, solid sandwich."
FP,1007,unexplained_fp,unexplained_fp,1,3.0,33,,"Food is ok for a Hospital. Some of the staff are nice, others are rude. Overpriced but have a "" captive audience "" meaning patient families. Plus hardly any place nearby to eat."
FP,1010,negated_hazard,negated_hazard|illness_mentioned_not_caused_here,2,1.0,45,,Disappointed. My chicken tenders were cold in the middle and I was afraid to finish them. I went through the drive through and didn't have time to go back. I'm going to hope for the best that I don't get sick. Now I'm hungry. Sigh.
FP,1011,neutral_allergen_mention,neutral_allergen_mention|negated_hazard|illness_mentioned_not_caused_here,3,3.0,160,,"Gluten free pizza! They claim to make their own crust, though it tastes and feels similar to the pre-made crusts many places get from a gluten free delivery service. Really not bad feel or flavor. Relatively quick take out service. I ordered my gluten free pie, walked over to the dvd store and picked up an arm full of cheap three year old underperforming movies, came back, grabbed my fountain soda"
FP,1017,unexplained_fp,unexplained_fp,1,1.0,155,,"The service was ok but the food was not. I decided to go with the $15 lunch special. You get a salad or soup, a choice of 3 main meals and a dessert. Can't go wrong .... right? WRONG! The soup was good but the main meal was blah. I ordered the sweet and sour beef on rice. The rice tasted like minute rice (cardboardy) and the beef looked rather grey and was not very tasty. Then came the dessert - a"
FP,1025,secondhand_or_hearsay,secondhand_or_hearsay,1,1.0,362,,"I just recently ate at Chili's at about 8:00 PM on 10/29/2017. I was greeted by a waitress who insisted on using terms of endearment towards me while calling my male companion ""sir"". I ordered the white spinach queso dip and we each ordered beers. The dip was amazing. The waitress was disgusting, as she turned the corner to deliver someone's food she belched so loudly that everyone could hear, no "
FP,1037,secondhand_or_hearsay,secondhand_or_hearsay|illness_mentioned_not_caused_here,2,1.0,181,,"It's amazing how staff can make or break a company. Fran was apparently having a really bad day. I wanted to sign up for the store card because this seems to be my go to quick stop shop (also because I was buying the Gatorade that was on sale 2/$3). Fran signed and said,""not with this line"". Seriously, there were only a couple people in line. Then, she proceeded to try and scan a card to sign me u"
FP,1046,illness_mentioned_not_caused_here,illness_mentioned_not_caused_here,1,3.0,74,,"Cool laid back atmosphere, nice draft selection. A little inconsistent on the mixed drinks though. Ordered a Ketel 1 and cranberry, it was ok. Just your average drink. Ordered another, got a full glass of ketel 1 with a splash of cran, it was OK . I prefer consistency over being under served or given alcohol poisoning any day. I will be back, I am sure the newness kinks will be worked out soon!"
FP,1056,neutral_allergen_mention,neutral_allergen_mention|illness_mentioned_not_caused_here,2,3.0,111,,I have not been here in 4 years. the blueberry mojitos have been replaced with a very syrupy mango version that tastes like well.. mango juice and rum. The mac n cheese was definately not somethig I would normally order on a hot summer afternoon but it was not too overwhelming and filling. Just the perfect snack to share with good company. The tuna tacos were also delicious although a little price
FP,1057,illness_mentioned_not_caused_here,illness_mentioned_not_caused_here,1,3.0,396,,"After shopping in the Springfield Mall last Sunday, my boyfriend and I decided to stop at Carrabba's. Neither of us had eaten at Carrabba's in a few years, so we both had almost forgotten about it. There was a 45 minute wait (I guess everyone had the same idea as us), but we were told we could sit ""at the bar."" I didn't realize that ""at the bar"" meant we'd be sitting on super high stools, with a d"
FP,1059,unexplained_fp,unexplained_fp,1,3.0,105,,"This was my mom's favorite restaurant -- she asked for their pizza as soon as she got out of the hospital! Family-owned, pizzeria with a restaurant in the back. Iceberg lettuce salads, expired bottles of soda so it tasted like liquid cardboard, overly salted everything. But, sometimes that's exactly what you want. And sometimes I just wanted their rubbery, salty chicken marsala with garlic bread t"
FP,1066,illness_mentioned_not_caused_here,illness_mentioned_not_caused_here,1,2.0,59,,This place is insanely overrated. I guess it's good if you're staying at the hotel and it has a super convenient location but otherwise I would avoid it. The food isn't bad but one of its best qualities is that it won't make you sick. I'll pass next time I'm in New Orleans and recommend you do the same.
FP,1074,unexplained_fp,unexplained_fp,1,3.0,114,,"The burgers are very Juicy, but everything else is very Average. The plain fries at smashburger taste like the food service French fries from the hospital and are a mockery, in both size and flavor, of the greatest fries on Earth (McDonalds). IMHO, this place is going to really struggle without a Drive-Thru window even though it is in a prime location (as far as prime locations with an extreme lim"
FP,1076,neutral_allergen_mention,neutral_allergen_mention|generic_complaint_no_hazard,2,3.0,173,,"This place is okay. Their waffle fries are yummy and their 2 for-1 beers nights are good. The service is atrocious though! Every time I have gone there, it take forever for us to even get our drinks. I went to happy hour with one of my coworkers who has celiac's disease. She asked the server about gluten free options and the server was very snarky and rude back to my coworker. She acted as though "
FP,1098,unexplained_fp,unexplained_fp,1,3.0,524,,"Yesterday a close friend had an outpatient surgery. I got up very early to take her to the hospital and although I had coffee, I hadn't eaten all day and was hungry. She is very particular about her food and loves their broccoli cheese soup. I am gluten free and if I eat here, I usually get a salad. So after she was released the hospital suggested she eat soup so I decided to run into Panama and g"
FP,1101,illness_mentioned_not_caused_here,illness_mentioned_not_caused_here,1,2.0,279,,"OK so we've been excited to try Tin Drum since it opened 3 months ago. Decided to let them get the opening kinks out. Unfortunately, looks like they won't be here in 2016. The Good: The Thai Chicken Taco was very good. Great flavor and good value for $3. Don't know why someone hasn't thought of this combo before. Nice blending of a soft taco with rice, chicken, Thai flavoring and slaw. My coconut "
FP,1120,illness_mentioned_not_caused_here,illness_mentioned_not_caused_here,1,3.0,52,,"Not as good as I remember. The first time I went it was phenomenal. I went again and got the same thing to-go. Wasn't as flavorful and the sauce was something I'm allergic too. I didn't know that sauce came with it. Nevertheless, I may be willing to try again. We'll see."
FP,1121,illness_mentioned_not_caused_here,illness_mentioned_not_caused_here|strong_negative_sentiment_only,2,1.0,181,,You know what I once gave this place four stars. Not anymore. After going there four six months and my family goes four times a week. To be treated as bad as we were by thier horribly rude staff is terrible. At first we order four times a week I wanted a club sandwich. They said o were out of white bread on the phone. I said your located next to an acme like right next to one. So they made me get 
FP,1145,secondhand_or_hearsay,secondhand_or_hearsay|illness_mentioned_not_caused_here,2,1.0,311,,Got a coupon in the mail. So decided to try it out since I have not been to a Ruby Tuesday forever. Checked in and was told they were on a wait because the kitchen was backed up. Counted 12 tables in side that were in eye site empty and the whole patio empty. The hostess was the problem apparently she had been beaten by her boyfriend the night before and tried calling in sick. Well I felt bad but 
FP,1147,negated_hazard,negated_hazard|illness_mentioned_not_caused_here|unpleasant_not_unsafe,3,1.0,64,,"This place is FILTHY! The floors are filthy, the counter tops are Filthy - gave me the creeps! I checked every isle and the prices were higher than Publix for grocery items and the meat prices were on par with Winn Dixie. Not worth the trip to even look around certainly not worth getting sick t purchase anything from here. We won't be back"
FP,1155,unexplained_fp,unexplained_fp,1,3.0,124,,"My wife and I just took the ""Jazz Lunch Cruise"". The good: Cool boat. Pretty scenery. Interesting narration. Impressive steam engines. Overall, a nice ride. A bit steep but, a nice ride. The bad: The food was seriously disappointing. We're talking hospital cafeteria quality. If it had been free, it still would have been underwhelming. You could throw a rock anywhere in the French Quarter and be gu"
FP,1161,illness_mentioned_not_caused_here,illness_mentioned_not_caused_here,1,3.0,332,,"I have actually been here a few times, but since I haven't visited this place in about 3 years, I am going to be basing my review on my most recent experience: yesterday's. So I'm with my big group, a party of 7 to be exact, and we are seated at the first table we laid eyes upon, crammed in the corner. Pretty awkward start. But that's ok, we still have another hour or two to go, right? Well, succe"
FP,1166,unexplained_fp,unexplained_fp,1,2.0,48,,"Great food, but horrible customer service and will never come back. The people who work here have the worst attitude and are unhelpful. As one of the many restaurants near the hospital you are likely to get better service and same quality food elsewhere. Not worth the trouble!"
FP,1173,unexplained_fp,unexplained_fp,1,3.0,140,,"I first visited the Barnes Jewish cafeteria while waiting for a family member whom was having surgery. I stopped in just before the lunch rush to discover a wide variety of lunch options, ranging from several selections of hot dishes, sandwiches, salads, and more. I ended up going with a Chicken Parmesan entree, which was priced at about $8 for a reasonable portion. Seating is plentiful, however i"
FP,1192,unexplained_fp,unexplained_fp,1,3.0,192,,"Had dinner here on a Friday night around 6:30, the place wasn't packed but was starting to get a little cramped. This small eatery is just south of Rittenhouse Square next to graduate hospital. The atmosphere is very moderate and reserved. The food is best identified as Korean fusion, dishes friendly to the American palate and inspired with Korean ingredients and flavors. If you want an authentic "
FP,1204,illness_mentioned_not_caused_here,illness_mentioned_not_caused_here,1,3.0,162,,"This is pretty much the closest store to my house, so I've been going there for years for grocery basics. It's easy to find things, the staff is helpful, and overall, not bad at all for a supermarket. Unfortunately, when I headed over to pick up some allergy medicine at 11ish on a Sunday night, I was robbed as I got in my car. The parking lot for the whole shopping complex, McDonald's and all, was"
FP,1207,neutral_allergen_mention,neutral_allergen_mention|negated_hazard|illness_mentioned_not_caused_here,3,2.0,223,,"Highly meh food. Which is really too bad, as I've been waiting for this place to open for quite a while. The veggie burger was a) frozen, and b) was a weird mix between grains (good) and that fake meat texture (bad - having not eaten meat for so long, anything that emulates it even remotely well makes me a little ill). No. No no no. The smoked tempeh was passable and did not do a thing to save tha"
FP,1222,negated_hazard,negated_hazard|illness_mentioned_not_caused_here,2,3.0,239,,"Last night I had a craving for Chinese food but I was feeling way too lazy to get out of the house. I searched through my file (yes, I have an actual file folder) of places that deliver and I discovered a menu for Super Wok that had probably been in that file for several years. I'm always a little skeptical of Chinese places just because you always hear horror stories of people getting sick off Ch"
FP,1223,illness_mentioned_not_caused_here,illness_mentioned_not_caused_here|strong_negative_sentiment_only,2,1.0,87,,"We ate here many times and always enjoyed ourselves until the last time. It's a small place and they have added hookah. Unfortunately, the tobacco smoke makes dinner a disaster for me as I am highly allergic to tobacco smoke. I don't know why this is legal when smoking cigarettes, pipes, and cigars is illegal. I guess smoking fans convinced the city that hookahs are totally different. Well, they a"
FP,1228,neutral_allergen_mention,neutral_allergen_mention|illness_mentioned_not_caused_here,2,3.0,277,,"Food: 2 / 5 Stars The Breakfast Poutine: (4 / 5 Stars) The real highlight of today's brunch was my friend's Breakfast Poutine - I stole a few bites. The Poutine had a rich flavor and was very satisfying. The Duck Confit: (? / 5 Stars) Did not try but was told that the dish tasted great. Smoked Salmon Beni: (0 / 5 Stars) Although I was looking forward to my dish, the Smoked Salmon Beni was a huge d"
FP,1231,illness_mentioned_not_caused_here,illness_mentioned_not_caused_here,1,3.0,152,,"Really nice deli with Coffee bar, Wine room, Cheese room, Domestic & Imported beer cooler, Meats, Seafood, and Italian desserts. We arrived right as the Lunch crowd was starting to dwindle. They also have a cooked section with a lot of traditional Italian dishes. We had already eaten lunch so just came in to see what all the buzz was about. I have however, had a few of the hot dishes catered at a "
FP,1232,negated_hazard,negated_hazard,1,2.0,193,,"I read the bad reviews and got worried - this was a off hours business dinner with co-workers, and I wasn't looking forward to a case of food poisoning. I went over to CitySearch to see if the opinions were bad all around, and over there this place is raved about. This place didn't match up to the wonderful relaxed, subdued atmosphere in Amura (Orlando). I have never associated sushi with bad tech"
FP,1239,neutral_allergen_mention,neutral_allergen_mention|illness_mentioned_not_caused_here,2,2.0,127,,"I went to Wildflower for my sister in law's birthday. I was looking for a vegan option and unfortunately, due to the limited menu, that night the only option was a lentil dish. For about $18 the dish ended up being steamed lentils with a steamed mushroom on top. Very disappointing. I can make that meal at home in 5 minutes for about $4. For such a distinguished restaurant in Edmonton I'd like to c"
FP,1252,unexplained_fp,unexplained_fp,1,3.0,225,,"Tracked down the Cha Cha Chow truck recently in Hospital City. I had not had the pleasure yet. Like others, happy to see the food truck trend reach the shores of the Mississippi seeing as it's nothing new on the coasts. The first thing to remember is you are eating street food. You are paying for the convenience not necessarily for a 4-star lunch. CCC however does a good job of offering variety fr"
FP,1258,unexplained_fp,unexplained_fp,1,3.0,60,,"Thankfully there are now other coffee options in Southwest Center City (the former Graduate Hospital). LaVa often crowded + with folks almost exclusively on laptops. Good for folks looking for an office outside the office, but not a fun, convivial vibe + a bit stuffy without the level of coffee to back it. And can't say much for the eats."
FP,1259,illness_mentioned_not_caused_here,illness_mentioned_not_caused_here,1,3.0,336,,"My wife and I went last night for the first time because we are considering moving to Seminole Heights. Before I write a full review I will say the food was great, but the service sub-par. The first thing we noticed as we walked in was a sign in sheet and there were only 4 names in front of us, we figured it shouldn't take very long, plus there are 2 tables open that just need to be cleared. About"
FP,1261,unexplained_fp,unexplained_fp,1,1.0,331,,"Oh, Burger Up, where should I begin? I've given you more than a few fair shakes - four to be exact and every time I walk away disappointed and angry. Let's start with my personal biases - I hate large table seating. When I go out to dinner and intend to sit at a table, I generally expect it to be a personal table, an intimate experience between my guests and I, not a picnic with strangers. But I g"
FP,1283,illness_mentioned_not_caused_here,illness_mentioned_not_caused_here,1,3.0,290,,"I give this place- and all of those who work there a lot of credit. For Weavers Way exists purely on the hard work and dedication of a neighborhood of Tree Huggers and Earth Children. I first found out about WW a few years ago when a friend of mine brought me along while she went shopping. I was impressed by the movement and joined shortly thereafter. I do all of the shopping for my family, and I "
FP,1295,illness_mentioned_not_caused_here,illness_mentioned_not_caused_here,1,2.0,758,,"I've given this two stars because the food is edible and it was all cooked properly, although it's not a pleasant experience and not somewhere I would return. Bright interior space and freshly painted walls give a great impression when you first walk in...unfortunatley, that's the last good experience you'll have The staff is clueless and walking around frantically, but no one knows what anyone is"
FP,1296,illness_mentioned_not_caused_here,illness_mentioned_not_caused_here|strong_negative_sentiment_only,2,1.0,45,,"absolutely horrible. The cheese steak was just terribly disappointing. The ""meat"" was very poor quality and the grizzle was overwhelming. Cant believe I actually ate this stuff. Who ever Tony Luke is should probably do a quality check at this place before someone gets sick."
FP,1297,unexplained_fp,unexplained_fp,1,1.0,143,,"My Husband and I received 2 gift cards for Tony Roma's for Christmas. So we decided to give them another try tonight. We hadn't been to this restaurant in about 5 years, because we were so disappointed with our previous experiences. Unfortunately tonight was no different. I ordered the 1/2 chicken with rice and seasonal vegetables. The chicken was dry and burnt and the rice was microwaved instant "
FP,1312,illness_mentioned_not_caused_here,illness_mentioned_not_caused_here,1,2.0,150,,"OK, to be fair the day I went to this place the ""owner"" as she made it seem, stated that their cook called out sick. She was manning the kitchen and register, yet there were two other employees there. It took literally 40 mins to get our food, which was only two gyros and ranch fries. The wait wasn't really that much of an issue, but when we did get the order it was wrong. We were suppose to get c"
FP,1316,negated_hazard,negated_hazard|illness_mentioned_not_caused_here,2,2.0,150,,"I've been going to AMSO Fort Lauderdale and Miami for the longest even made connections with the managers from frequent visits and table service. Came to this one for the first time and the location is prime. Lighting, music, and space up to par. The service needs a lot of improving from the 15min I spent inside. Ordered a textbook Titos and soda. And only got soda. I wasn't sick or anything so I "
FP,1318,illness_mentioned_not_caused_here,illness_mentioned_not_caused_here,1,3.0,275,,The food is always great here and at all their locations. Yet after today I won't be back to collingswood....at least not till winter! It was no cooler than 80 degrees in the place. I couldn't even finish my food because I felt sick from the heat. No coffee today! The staff were all dripping sweat and wiping their faces as well as all the guests. On our way in a woman who's shirt was completely so
FP,1327,illness_mentioned_not_caused_here,illness_mentioned_not_caused_here,1,3.0,74,,"(~) - cobb salad Had a typical not great not bad experience here. The cobb salad was ok, huge portions, tried to switch something out for corn and wasn't able to do that, lamee. It also came with a half piece of bread that had a layer of cheese on top, could have done without the cheese. Getting sick of chain places especially since that's mostly all there is around this area.....Average Average A"
FP,1332,illness_mentioned_not_caused_here,illness_mentioned_not_caused_here|unpleasant_not_unsafe,2,1.0,140,,"NO WAY I know others like this place ,I'm sorry to say it was awful. The soup was ok, not filled up, looked like they didn't want to splurge with filling up to look decent. the salad looked like they opened a bag of salad dribbled it on then grabbed some off. the garlic bread is full of jared garlic and oil will make your stomach sick. my son ordered lasagna , who knows what was in it and i ordere"
FP,1333,negated_hazard,negated_hazard|illness_mentioned_not_caused_here,2,2.0,307,,"I'm not sure where all the good reviews for this place are coming from, because this place simply isn't very good. I'll give it two stars though because at least the service was friendly and I didn't get sick. Like most of the other reviewers, my family and I came here for dinner because we had purchased one of the Groupons. Looking back, I'd rather have just wasted the Groupon and stayed at home."
FP,1343,illness_mentioned_not_caused_here,illness_mentioned_not_caused_here,1,2.0,202,,"We had a Sunday lunch here and it was ok, nothing great. Maybe I'm spoiled since I live in Chicagoland, where there are plenty of fabulous restaurants. We were celebrating an upcoming wedding and they seated us at a round table with a nearby spot to place the gifts on. That table was almost an afterthought, crammed in the corner, just like us. The service was ok, but she could have really done mor"
FP,1346,illness_mentioned_not_caused_here,illness_mentioned_not_caused_here,1,1.0,172,,My review is not based on one just one bad experience. I have stopped by here many many times over a several year period. But no more! Let me say that I am a fan of CC's coffee. We brew Community Coffee in my home and office and I have enjoyed many good cups at CC's for many years. This location is convenient to me as it is near my house. But I am sick and tired of the aggressive pushing of produc
FP,1370,unexplained_fp,unexplained_fp,1,3.0,95,,"Purebread is a decent option for a quick meal or lunch. This particular location is a little tricky to get to, being located in a corner of a big shopping center, but close to several medical facilities and the Christiana hospital for those searching for a place in the area. While they have a great variety of sandwiches, all cleverly named after dog breeds, the prices seem high for what you actual"
FP,1376,neutral_allergen_mention,neutral_allergen_mention|generic_complaint_no_hazard,2,3.0,134,,"So I definitely much prefer the feel of the tasting room in Kessler but if you want the full Upland menu you have to come here. Everything was good I had the seitan tenderloin which I always have liked and this was no different, and an Ard Ri to drink also delicious as always. The bar seating is really tight but there are plenty of tables and a surprising amount of families. Also a general comment"
FP,1393,illness_mentioned_not_caused_here,illness_mentioned_not_caused_here|strong_negative_sentiment_only,2,1.0,53,,"I have an egg allergy. I ordered a sandwich with no egg. They gave me a sandwich with egg. When I told them it was a mistake they just took the egg off instead of re-making it. Sloppy and rude. No thanks, will stick with Starbucks or the other Dunkin down the street."
FP,1401,unexplained_fp,unexplained_fp,1,1.0,108,,Meh is right. I used to live right down the block from this place and would rather walk 5 miles in the snow than eat here. Penne vodka to you might mean some srumptious marina-cream sauce. To Jon's it means melted nacho cheese with marinara sauce. No joke. Ok I'm sure you're asking me why I ordered penne vodka at Jon's. But I was sick of everything else. The wraps are dry. The salads are tasteless
FP,1404,illness_mentioned_not_caused_here,illness_mentioned_not_caused_here,1,3.0,226,,"This place is pretty excellent- definitely a go-to for me and the BF. Some notes: -HAPPY HOUR and LATE NIGHT: Happy Hour is 5-7 weekdays, and gets you half-price margaritas ($2.50 is hard to beat). Late night is Sunday-Thursday 10pm-12am, and gives you half-price margaritas AND draft beers (usually they have a few decent craft beers). *update- all specials have gone up :( bummer. Alas! -$1 per per"
FP,1408,unexplained_fp,unexplained_fp,1,1.0,28,,"Awful! Have been there for breakfast a few times, was always good, however, tried it for lunch. Frankly, I've had better hospital food. Dry, tasteless, overpriced. Crappy service."
FP,1411,unexplained_fp,unexplained_fp,1,3.0,113,,"It's easier to break this place down with Pros and Cons: PROS: Close to home, Prices are less than Starbucks and OCF, Hardly ever a line, Nice variety of seasonal and specialty coffee drinks, Decent atmosphere (on the rare occasion that it's not packed) CONS: Lacking in Cleanliness (dirty spoons), Baristas aren't always helpful or friendly, Usually packed if you are looking to find a seat, $10 min"
FP,1419,illness_mentioned_not_caused_here,illness_mentioned_not_caused_here,1,1.0,96,,"Do you like up sold on every item you choose? Offered food you are allergic to as a free sample? Asked ""How are you doing today?"" 1,000,000+ times while you are SLOWLY shuffled down a line of high calorie foods and then upsold again by being offered a drink cup being placed on your tray when you didn't even ask for it?! Then this hellhole of overly nice people infused with top 40 hits being played"
FP,1429,neutral_allergen_mention,neutral_allergen_mention|generic_complaint_no_hazard,2,1.0,256,,"My asocial streak kicked in hard this evening and I decided I'd like to deal with as few humans as possible in order to handle the dinner thing. Oh, and I'm on a wheat-free diet. What to do? Solution: online ordering from Domino's! Wrong. 100% wrong. I sit here having consumed a gluten-free* pizza that was both burned and cold, delivered to my home half an hour after the delivery time that was pro"
FP,1438,illness_mentioned_not_caused_here,illness_mentioned_not_caused_here,1,3.0,225,,"Came here for a luncheon in the upstairs room and left with mixed feelings. Ambiance: Pure southern elegance. We had access to the 2nd floor balcony over looking city park. I could have stayed there all day. For private parties, they set up a make shift bar so you can relax and sip on mimosas. Whats not to like? Service: He was an old school fine dining waiter-no complaints Food: Hence my 3 star r"
FP,1439,illness_mentioned_not_caused_here,illness_mentioned_not_caused_here,1,2.0,174,,"I recently visited this Dunkin' Donuts on my way to class. I stopped in for their 0.99 iced tea. When i asked the employee for two lemons to be placed in my iced tea, he ignored my request and said they could not do that. I then asked for two splenda to be placed in my ice tea. With a wave of his hand he motioned for me to leave the counter and go to the side table to pick up a straw. It wasn't un"
FP,1441,illness_mentioned_not_caused_here,illness_mentioned_not_caused_here,1,1.0,66,,"I used to love OCB, but damn, this is not what i remember when i was younger. The staff were the nicest people you'll ever meet, but the food...the food was drowning in butter. And i mean EVERYTHING. If you're on a diet and dont feel like eating food that won't make you sick, there's nothing to eat here. Be forewarned, everything is drowning in butter!"
FP,1445,illness_mentioned_not_caused_here,illness_mentioned_not_caused_here|strong_negative_sentiment_only,2,1.0,186,,"While the food was decent, our experience was very unpleasant and I will not return. We were with friends who have a son with life threatening allergies. While trying to talk to the man who introduced himself as the ""head chef"" and should be quite concerned with such issues, he was rude and incredibly condescending. He interrupted and consistently talked over the table, all while being very clearl"
FP,1451,negated_hazard,negated_hazard,1,2.0,59,,"You know what's weird? When you go to a Mexican restaurant, and the margaritas are the same color as the guacamole. El Rey is a close walk from almost anywhere downtown, but the food is ""meh"" and the drinks are watered down. I've never gotten sick after eating there though, so that's a plus. I'll give it two stars."
FP,1453,illness_mentioned_not_caused_here,illness_mentioned_not_caused_here|strong_negative_sentiment_only,2,1.0,266,,"HORRIBLE! HORRIBLE! HORRIBLE! We went here after U of A game, there was about 12 people total in the restaraunt. We waited an hour and a half for our first item, wings, to come out. Then the fries and side salad we ordered with the wings came half hour later. All the while listening to how the waitress works 7 days a week because they are short staffed and the owner had to go back there to cook. B"
FP,1472,neutral_allergen_mention,neutral_allergen_mention|negated_hazard,2,1.0,291,,"It wasn't a pleasant experience. We left even before we got our food, that's how bad it was. We decided to dine in and we were still choosing the food from the menu. The server gave our drinks which we haven't opened yet (they were Coke bottles). We went there because we remember going to our relatives house and they served fried chicken and Lo mein which they said they ordered from Bamboo House a"
FP,1482,illness_mentioned_not_caused_here,illness_mentioned_not_caused_here|strong_negative_sentiment_only,2,3.0,22,,"Allergy sufferers beware. Plants, plants, plants. My review has no reflection on the grand scale and beauty of the resort. I'm miserable."
FP,1489,unexplained_fp,unexplained_fp,1,3.0,332,,"This is probably my favorite Chinese place around these parts. I think their location right across the street from Temple University Hospital allows them to step up their game just a bit. For one thing, it just feels a little bit nicer inside. Sure, you still have to order through bullet-proof glass, but the floor is actually clean and the walls aren't covered in graffiti. They also have an ATM an"
FN,83,unexplained_fn,unexplained_fn,1,3.0,298,,"I was craving a burger, and since we'd driven past this place a few times, we decided to check it out! Pros: The chili cheese fries were REALLY good! The chili tasted and looked homemade (not the canned stuff) and was a huge portion. That could have been my entire meal by itself. Cons: The worst thing was that the cashier was also assembling the food when she wasn't handling the money. She did NOT"
FN,147,unexplained_fn,unexplained_fn,1,1.0,260,,"Let's start with my first impression ... it wasn't great. On the door walking in there are images of the credit cards they accept but when you walk to the counter there is a hand written sign that says something to the effect of we do not accept credit cards use the ATM next door. I told my husband we would need to go elsewhere to eat then. At this point some guy came up to take our order, we comm"
FN,165,unexplained_fn,unexplained_fn,1,1.0,88,,"My wife and her friends returned to try this place again and her report is that it's worse than before. The staff is a bunch of inexperienced kids for whom this must be their first job, the food is still crappy (but not microwaved, the owner will tell you that), and the bathrooms and tables are still dirty. What can you expect from a place that got dinged by the board of health for cooking with ca"
FN,311,unexplained_fn,unexplained_fn,1,1.0,247,,"After a 90-min wait (we were told it would be an hour), I went for dinner with my sisters. The food was just okay and over-priced. The polenta wasn't the best I've had, the cheese empanadas were not empanadas but rather fried little puff balls (and if they're going to be vegetarian, there should more more, not less of the meat ones), the cauliflower was pretty good but again, not worth the price. "
FN,401,unsafe_handling_no_illness,unsafe_handling_no_illness,1,2.0,164,,Employees need to be coached in hygiene and proper food handling techniques. Was a frequent visitor but that one gross employee made me notice other things and question whether I would come back and as of yet I have not. I messaged them previously and didn't receive any replies. Food is usually decent and over priced but didn't mind until that one nasty guy. Message: We eat here quite regularly bu
FN,625,contamination_no_illness,contamination_no_illness,1,1.0,145,,I had one of the top three worst restaurant experiences of my life here. One example is that my wife got a lukewarm burrito and sent it back after talking with the manager. The burrito came back partly eaten....by the chef....as the manager said she has the chef taste things when complained about....AND SHE BROUGHT THIS BURRITO BACK TO OUR TABLE...THE MANAGER (who said she is part of the founding 
FN,671,unsafe_handling_no_illness,unsafe_handling_no_illness,1,1.0,38,,"I've ordered pizza here twice because I am in the neighborhood. Both times have been awful. Today, the dough on my pizza was literally raw. I really want this place to suceed, but the pizza is not good."
FN,765,unsafe_handling_no_illness,unsafe_handling_no_illness,1,2.0,119,,We stopped in after picking my friend up at the airport. I should have read the reviews before hand as we experienced the SAME ISSUES on undercooked steaks! I should have known it was going to happen as the server asked us to cut into our steak while she waited. Both were supposed to be medium and they came out blue rare!! Now we have cut into them so all the juices exit the meat and upon re-cooki
FN,1281,unexplained_fn,unexplained_fn,1,2.0,34,,"Some of the food was cold, they didn't have any of the sides I wanted, there were flies everywhere while eating. I wouldn't recommend dining maybe just take out , wouldn't dine here again...."
FN,1314,unexplained_fn,unexplained_fn,1,2.0,175,,Back from Reno and couldn't wait to review this place. We went here because it was right across the street from Peppermill where we stayed. I checked out yelp before I came and again it was highly recommended. WRONG! Are you smoking people? Did you drink the nasty water that was filled right from the counters faucet in front of you? I wouldn't have been able to keep that down to save my life. Just
FN,1436,unsafe_handling_no_illness,unsafe_handling_no_illness,1,1.0,152,,"I went in on a Sunday morning to pick up a few desserts for a family gathering at the Center City location.. I saw Baklava, and was told not to purchase them by the sales associate (and I appreciate her honesty) because they were hard as a rock.. I then purchased to cakes, a Pound cake, and a peanut butter mousse cake. Everyone was looking forward to the peanut butter cake. EVERYONE TOOK A BITE AN"
FN,1474,contamination_no_illness,contamination_no_illness,1,1.0,88,,"There was a roach that crawled behind my shoulder on the seat. We killed it with a napkin and we were so hungry and know things are crazy with the storm coming. Once I received my food I had a hair in it. The waiter came back with a new plate after walking without saying a word and told us the manager said, ""we are in the middle of a hurricane and bugs are seeking to go inside."" This place is dirt"
